,Player,Nation,Pos,Squad,Age,90s_played,Goals,Tot_Shot,Shot_On_Target,Shot_Target_Rate,TotalShotPer90,ShotTargetPer90,Goal/TotShot,Goal/ShotTarget,Penalty,Att_Penalty,xG,NoPen_xG,NoPen_xGperShot,Goal-xG,NoPen_Goal-xG
0,Brenden Aaronson,us USA,"MF,FW",Leeds United,21,26.4,1,41,9,22.0,1.56,0.34,0.02,0.11,0,0,3.9,3.9,0.09,-2.9,-2.9
1,George Abbott,eng ENG,MF,Tottenham,16,0.0,0,0,0,,0.00,0.00,,,0,0,0.0,0.0,,0.0,0.0
2,Che Adams,sct SCO,FW,Southampton,26,22.1,5,47,14,29.8,2.12,0.63,0.11,0.36,0,0,6.6,6.6,0.14,-1.6,-1.6
3,Tyler Adams,us USA,MF,Leeds United,23,24.0,0,4,0,0.0,0.17,0.00,0.00,,0,0,0.1,0.1,0.03,-0.1,-0.1
4,Tosin Adarabioyo,eng ENG,DF,Fulham,24,23.2,1,16,4,25.0,0.69,0.17,0.06,0.25,0,0,0.7,0.7,0.04,+0.3,+0.3
5,Nayef Aguerd,ma MAR,DF,West Ham,26,17.7,2,12,2,16.7,0.68,0.11,0.17,1.00,0,0,2.2,2.2,0.19,-0.2,-0.2
6,Naouirou Ahamada,fr FRA,"MF,FW",Crystal Palace,20,1.0,0,3,0,0.0,2.87,0.00,0.00,,0,0,0.2,0.2,0.05,-0.2,-0.2
7,Rayan Aït Nouri,dz ALG,DF,Wolves,21,12.0,1,10,5,50.0,0.84,0.42,0.10,0.20,0,0,0.7,0.7,0.07,+0.3,+0.3
8,Kristoffer Ajer,no NOR,DF,Brentford,24,8.5,0,1,0,0.0,0.12,0.00,0.00,,0,0,0.0,0.0,0.04,0.0,0.0
9,Manuel Akanji,ch SUI,DF,Manchester City,27,25.4,0,15,2,13.3,0.59,0.08,0.00,0.00,0,0,1.3,1.3,0.09,-1.3,-1.3
10,Nathan Aké,nl NED,DF,Manchester City,27,20.8,1,9,2,22.2,0.43,0.10,0.11,0.50,0,0,1.6,1.6,0.17,-0.6,-0.6
11,Marc Albrighton,eng ENG,"FW,MF",Leicester City,32,2.6,1,2,1,50.0,0.76,0.38,0.50,1.00,0,0,0.3,0.3,0.17,+0.7,+0.7
12,Thiago Alcántara,es ESP,MF,Liverpool,31,13.9,0,10,1,10.0,0.72,0.07,0.00,0.00,0,0,0.4,0.4,0.05,-0.4,-0.4
13,Carlos Alcaraz,ar ARG,"MF,FW",Southampton,19,11.4,4,24,10,41.7,2.10,0.87,0.17,0.40,0,0,1.9,1.9,0.08,+2.1,+2.1
14,Trent Alexander-Arnold,eng ENG,DF,Liverpool,23,32.5,2,40,8,20.0,1.23,0.25,0.05,0.25,0,0,2.4,2.4,0.06,-0.4,-0.4
15,Alisson,br BRA,GK,Liverpool,29,37.0,0,0,0,,0.00,0.00,,,0,0,0.0,0.0,,0.0,0.0
16,Dele Alli,eng ENG,MF,Everton,26,0.4,0,0,0,,0.00,0.00,,,0,0,0.0,0.0,,0.0,0.0
17,Miguel Almirón,py PAR,FW,Newcastle Utd,28,27.7,11,69,20,29.0,2.49,0.72,0.16,0.55,0,0,8.0,8.0,0.12,+3.0,+3.0
18,Julián Álvarez,ar ARG,"FW,MF",Manchester City,22,16.3,9,46,20,43.5,2.83,1.23,0.17,0.40,1,1,7.0,6.2,0.13,+2.0,+1.8
19,Daniel Amartey,gh GHA,DF,Leicester City,27,17.9,0,6,2,33.3,0.34,0.11,0.00,0.00,0,0,1.1,1.1,0.18,-1.1,-1.1
20,Samuel Amo-Ameyaw,eng ENG,MF,Southampton,16,0.0,0,0,0,,0.00,0.00,,,0,0,0.0,0.0,,0.0,0.0
21,Joachim Andersen,dk DEN,DF,Crystal Palace,26,30.9,1,22,9,40.9,0.71,0.29,0.05,0.11,0,0,1.8,1.8,0.08,-0.8,-0.8
22,Elliot Anderson,sct SCO,"MF,FW",Newcastle Utd,19,4.6,0,11,4,36.4,2.41,0.88,0.00,0.00,0,0,1.0,1.0,0.09,-1.0,-1.0
23,Jaidon Anthony,eng ENG,"MF,FW",Bournemouth,22,14.0,3,22,13,59.1,1.58,0.93,0.14,0.23,0,0,2.2,2.2,0.10,+0.8,+0.8
24,Michail Antonio,jm JAM,FW,West Ham,32,20.3,5,39,13,33.3,1.92,0.64,0.13,0.38,0,0,6.6,6.6,0.17,-1.6,-1.6
25,Antony,br BRA,FW,Manchester Utd,22,20.0,4,72,24,33.3,3.60,1.20,0.06,0.17,0,0,6.6,6.6,0.09,-2.6,-2.6
26,Cameron Archer,eng ENG,"FW,MF",Aston Villa,21,0.5,0,0,0,,0.00,0.00,,,0,0,0.0,0.0,,0.0,0.0
27,Alphonse Areola,fr FRA,GK,West Ham,29,3.4,0,0,0,,0.00,0.00,,,0,0,0.0,0.0,,0.0,0.0
28,Joe Aribo,ng NGA,"MF,FW",Southampton,26,13.6,2,14,8,57.1,1.03,0.59,0.14,0.25,0,0,1.5,1.5,0.11,+0.5,+0.5
29,Adam Armstrong,eng ENG,"FW,MF",Southampton,25,14.8,2,25,12,48.0,1.69,0.81,0.08,0.17,0,0,2.1,2.1,0.08,-0.1,-0.1
30,Stuart Armstrong,sct SCO,"MF,FW",Southampton,30,15.6,2,23,6,26.1,1.47,0.38,0.09,0.33,0,0,2.4,2.4,0.10,-0.4,-0.4
31,Kepa Arrizabalaga,es ESP,GK,Chelsea,27,28.5,0,0,0,,0.00,0.00,,,0,0,0.0,0.0,,0.0,0.0
32,Pierre-Emerick Aubameyang,ga GAB,FW,Chelsea,33,6.2,1,16,7,43.8,2.60,1.14,0.06,0.14,0,0,1.5,1.5,0.09,-0.5,-0.5
33,Ludwig Augustinsson,se SWE,DF,Aston Villa,28,0.9,0,2,1,50.0,2.34,1.17,0.00,0.00,0,0,0.1,0.1,0.04,-0.1,-0.1
34,Serge Aurier,ci CIV,DF,Nott'ham Forest,29,21.6,1,9,3,33.3,0.42,0.14,0.11,0.33,0,0,0.8,0.8,0.09,+0.2,+0.2
35,Taiwo Awoniyi,ng NGA,FW,Nott'ham Forest,24,15.6,10,35,15,42.9,2.24,0.96,0.29,0.67,0,0,6.6,6.6,0.19,+3.4,+3.4
36,Yasin Ayari,se SWE,MF,Brighton,18,0.7,0,1,0,0.0,1.34,0.00,0.00,,0,0,0.0,0.0,0.02,0.0,0.0
37,André Ayew,gh GHA,"FW,MF",Nott'ham Forest,32,3.5,0,3,1,33.3,0.85,0.28,0.00,0.00,0,1,1.0,0.3,0.09,-1.0,-0.3
38,Jordan Ayew,gh GHA,"FW,MF",Crystal Palace,30,30.2,4,32,10,31.3,1.06,0.33,0.13,0.40,0,0,3.2,3.2,0.10,+0.8,+0.8
39,Luke Ayling,eng ENG,DF,Leeds United,30,22.8,2,24,5,20.8,1.05,0.22,0.08,0.40,0,0,3.2,3.2,0.13,-1.2,-1.2
40,César Azpilicueta,es ESP,DF,Chelsea,32,17.0,0,9,1,11.1,0.53,0.06,0.00,0.00,0,0,0.4,0.4,0.05,-0.4,-0.4
41,Benoît Badiashile,fr FRA,DF,Chelsea,21,10.1,1,6,2,33.3,0.60,0.20,0.17,0.50,0,0,1.2,1.2,0.20,-0.2,-0.2
42,Leon Bailey,jm JAM,"FW,MF",Aston Villa,24,21.9,4,51,14,27.5,2.33,0.64,0.08,0.29,0,0,5.3,5.3,0.10,-1.3,-1.3
43,Stefan Bajcetic,es ESP,MF,Liverpool,17,5.8,1,6,3,50.0,1.03,0.51,0.17,0.33,0,0,0.8,0.8,0.13,+0.2,+0.2
44,Dominic Ballard,eng ENG,"FW,MF",Southampton,17,0.3,0,0,0,,0.00,0.00,,,0,0,0.0,0.0,,0.0,0.0
45,Patrick Bamford,eng ENG,FW,Leeds United,28,16.8,4,48,16,33.3,2.85,0.95,0.08,0.25,0,2,8.6,7.0,0.15,-4.6,-3.0
46,Shandon Baptiste,gd GRN,MF,Brentford,24,6.9,0,4,1,25.0,0.58,0.15,0.00,0.00,0,0,0.4,0.4,0.09,-0.4,-0.4
47,Harvey Barnes,eng ENG,"FW,MF",Leicester City,24,30.1,13,72,34,47.2,2.39,1.13,0.18,0.38,0,0,8.9,8.9,0.12,+4.1,+4.1
48,Gavin Bazunu,ie IRL,GK,Southampton,20,32.0,0,0,0,,0.00,0.00,,,0,0,0.0,0.0,,0.0,0.0
49,Mads Bech Sørensen,dk DEN,"DF,MF",Brentford,23,0.2,0,0,0,,0.00,0.00,,,0,0,0.0,0.0,,0.0,0.0
50,Jan Bednarek,pl POL,DF,Southampton,26,18.6,0,8,0,0.0,0.43,0.00,0.00,,0,0,0.4,0.4,0.05,-0.4,-0.4
51,Jan Bednarek,pl POL,DF,Aston Villa,26,1.1,0,0,0,,0.00,0.00,,,0,0,0.0,0.0,,0.0,0.0
52,Donny van de Beek,nl NED,MF,Manchester Utd,25,1.9,0,2,0,0.0,1.08,0.00,0.00,,0,0,0.1,0.1,0.05,-0.1,-0.1
53,Asmir Begović,ba BIH,GK,Everton,35,1.0,0,0,0,,0.00,0.00,,,0,0,0.0,0.0,,0.0,0.0
54,Armel Bella Kotchap,de GER,DF,Southampton,20,20.9,0,14,2,14.3,0.67,0.10,0.00,0.00,0,0,1.0,1.0,0.07,-1.0,-1.0
55,Saïd Benrahma,dz ALG,"FW,MF",West Ham,26,23.0,6,69,23,33.3,3.00,1.00,0.03,0.09,4,4,7.0,3.9,0.06,-1.0,-1.9
56,Rodrigo Bentancur,uy URU,MF,Tottenham,25,16.7,5,15,9,60.0,0.90,0.54,0.33,0.56,0,0,2.2,2.2,0.15,+2.8,+2.8
57,Daniel Bentley,eng ENG,GK,Wolves,29,2.0,0,0,0,,0.00,0.00,,,0,0,0.0,0.0,,0.0,0.0
58,Victor Bernth Kristiansen,dk DEN,DF,Leicester City,19,9.9,0,3,0,0.0,0.30,0.00,0.00,,0,0,0.1,0.1,0.04,-0.1,-0.1
59,Owen Bevan,wls WAL,DF,Bournemouth,18,0.1,0,0,0,,0.00,0.00,,,0,0,0.0,0.0,,0.0,0.0
60,Giulian Biancone,fr FRA,DF,Nott'ham Forest,22,0.2,0,0,0,,0.00,0.00,,,0,0,0.0,0.0,,0.0,0.0
61,Philip Billing,dk DEN,"MF,FW",Bournemouth,26,30.7,7,38,18,47.4,1.24,0.59,0.18,0.39,0,0,4.9,4.9,0.13,+2.1,+2.1
62,Yves Bissouma,ml MLI,MF,Tottenham,25,11.2,0,6,0,0.0,0.53,0.00,0.00,,0,0,0.2,0.2,0.03,-0.2,-0.2
63,Willy Boly,ci CIV,DF,Nott'ham Forest,31,7.6,0,2,1,50.0,0.26,0.13,0.00,0.00,0,0,0.0,0.0,0.02,0.0,0.0
64,Sven Botman,nl NED,DF,Newcastle Utd,22,34.7,0,22,7,31.8,0.63,0.20,0.00,0.00,0,0,2.5,2.5,0.11,-2.5,-2.5
65,Jarrod Bowen,eng ENG,"FW,MF",West Ham,25,35.9,6,73,21,28.8,2.03,0.58,0.07,0.24,1,2,8.9,7.8,0.11,-2.9,-2.8
66,James Bree,eng ENG,DF,Southampton,24,4.1,0,1,1,100.0,0.25,0.25,0.00,0.00,0,0,0.0,0.0,0.03,0.0,0.0
67,Armando Broja,al ALB,FW,Chelsea,20,3.3,1,6,5,83.3,1.84,1.53,0.17,0.20,0,0,0.8,0.8,0.14,+0.2,+0.2
68,David Brooks,wls WAL,"FW,MF",Bournemouth,25,1.9,0,5,1,20.0,2.60,0.52,0.00,0.00,0,0,0.3,0.3,0.05,-0.3,-0.3
69,Lewis Brunt,eng ENG,DF,Leicester City,21,0.3,0,0,0,,0.00,0.00,,,0,0,0.0,0.0,,0.0,0.0
70,Emi Buendía,ar ARG,"MF,FW",Aston Villa,25,26.8,5,49,11,22.4,1.83,0.41,0.10,0.45,0,0,6.3,6.3,0.13,-1.3,-1.3
71,Hugo Bueno,es ESP,DF,Wolves,19,14.6,0,4,1,25.0,0.27,0.07,0.00,0.00,0,0,0.2,0.2,0.04,-0.2,-0.2
72,Facundo Buonanotte,ar ARG,"FW,MF",Brighton,17,6.3,1,11,3,27.3,1.75,0.48,0.09,0.33,0,0,1.4,1.4,0.13,-0.4,-0.4
73,Dan Burn,eng ENG,DF,Newcastle Utd,30,34.6,1,21,4,19.0,0.61,0.12,0.05,0.25,0,0,2.1,2.1,0.10,-1.1,-1.1
74,Cafú,pt POR,MF,Nott'ham Forest,29,0.1,0,0,0,,0.00,0.00,,,0,0,0.0,0.0,,0.0,0.0
75,Moisés Caicedo,ec ECU,MF,Brighton,20,34.9,1,28,8,28.6,0.80,0.23,0.04,0.13,0,0,1.7,1.7,0.06,-0.7,-0.7
76,Tom Cairney,sct SCO,MF,Fulham,31,11.0,2,21,2,9.5,1.91,0.18,0.10,1.00,0,0,1.5,1.5,0.07,+0.5,+0.5
77,Duje Ćaleta-Car,hr CRO,DF,Southampton,25,10.5,1,5,2,40.0,0.48,0.19,0.20,0.50,0,0,0.8,0.8,0.16,+0.2,+0.2
78,Dominic Calvert-Lewin,eng ENG,FW,Everton,25,12.9,2,30,9,30.0,2.32,0.70,0.03,0.11,1,1,5.8,5.0,0.17,-3.8,-4.0
79,Chem Campbell,wls WAL,"FW,MF",Wolves,19,0.8,0,2,0,0.0,2.43,0.00,0.00,,0,0,0.1,0.1,0.05,-0.1,-0.1
80,João Cancelo,pt POR,DF,Manchester City,28,14.2,2,17,3,17.6,1.20,0.21,0.12,0.67,0,0,0.8,0.8,0.05,+1.2,+1.2
81,Thomas Cannon,ie IRL,FW,Everton,19,0.3,0,1,1,100.0,3.60,3.60,0.00,0.00,0,0,0.1,0.1,0.09,-0.1,-0.1
82,Sergi Canós,es ESP,"FW,DF",Brentford,25,0.9,0,1,0,0.0,1.17,0.00,0.00,,0,0,0.1,0.1,0.07,-0.1,-0.1
83,Diego Carlos,br BRA,DF,Aston Villa,29,2.3,0,4,0,0.0,1.76,0.00,0.00,,0,0,0.4,0.4,0.09,-0.4,-0.4
84,Fabio Carvalho,pt POR,"MF,FW",Liverpool,19,3.9,2,11,4,36.4,2.85,1.04,0.18,0.50,0,0,1.1,1.1,0.10,+0.9,+0.9
85,Casemiro,br BRA,MF,Manchester Utd,30,23.6,4,34,11,32.4,1.44,0.47,0.12,0.36,0,0,3.4,3.4,0.10,+0.6,+0.6
86,Matty Cash,pl POL,DF,Aston Villa,24,20.2,0,7,1,14.3,0.35,0.05,0.00,0.00,0,0,0.2,0.2,0.03,-0.2,-0.2
87,Timothy Castagne,be BEL,DF,Leicester City,26,36.2,2,19,5,26.3,0.53,0.14,0.11,0.40,0,0,2.2,2.2,0.12,-0.2,-0.2
88,Jonny Castro,es ESP,DF,Wolves,28,14.0,1,9,2,22.2,0.64,0.14,0.11,0.50,0,0,0.3,0.3,0.03,+0.7,+0.7
89,Julio César Enciso,py PAR,"FW,MF",Brighton,18,9.0,4,38,18,47.4,4.24,2.01,0.11,0.22,0,0,4.0,4.0,0.11,0.0,0.0
90,Nathaniel Chalobah,eng ENG,MF,Fulham,27,0.1,0,1,1,100.0,7.50,7.50,0.00,0.00,0,0,0.1,0.1,0.09,-0.1,-0.1
91,Trevoh Chalobah,eng ENG,DF,Chelsea,23,17.9,0,9,2,22.2,0.50,0.11,0.00,0.00,0,0,0.9,0.9,0.10,-0.9,-0.9
92,Calum Chambers,eng ENG,"DF,MF",Aston Villa,27,3.9,0,2,0,0.0,0.51,0.00,0.00,,0,0,0.1,0.1,0.06,-0.1,-0.1
93,Shea Charles,nir NIR,DF,Manchester City,18,0.3,0,0,0,,0.00,0.00,,,0,0,0.0,0.0,,0.0,0.0
94,Ben Chilwell,eng ENG,"DF,MF",Chelsea,25,15.6,2,16,4,25.0,1.02,0.26,0.13,0.50,0,0,1.4,1.4,0.09,+0.6,+0.6
95,Ryan Christie,sct SCO,"MF,FW",Bournemouth,27,20.4,1,33,9,27.3,1.62,0.44,0.03,0.11,0,0,2.8,2.8,0.08,-1.8,-1.8
96,Carney Chukwuemeka,eng ENG,"MF,FW",Chelsea,18,3.9,0,5,1,20.0,1.27,0.25,0.00,0.00,0,0,0.4,0.4,0.08,-0.4,-0.4
97,Bobby Clark,eng ENG,MF,Liverpool,17,0.1,0,0,0,,0.00,0.00,,,0,0,0.0,0.0,,0.0,0.0
98,Nathaniel Clyne,eng ENG,DF,Crystal Palace,31,18.2,0,0,0,,0.00,0.00,,,0,0,0.0,0.0,,0.0,0.0
99,Conor Coady,eng ENG,DF,Everton,29,23.3,1,4,2,50.0,0.17,0.09,0.25,0.50,0,0,0.8,0.8,0.21,+0.2,+0.2
100,Jack Colback,eng ENG,MF,Nott'ham Forest,32,5.5,0,0,0,,0.00,0.00,,,0,0,0.0,0.0,,0.0,0.0
101,Séamus Coleman,ie IRL,DF,Everton,33,18.4,1,7,2,28.6,0.38,0.11,0.14,0.50,0,0,0.4,0.4,0.05,+0.6,+0.6
102,Nathan Collins,ie IRL,DF,Wolves,21,20.2,0,3,0,0.0,0.15,0.00,0.00,,0,0,0.2,0.2,0.08,-0.2,-0.2
103,Levi Colwill,eng ENG,DF,Brighton,19,13.6,0,8,0,0.0,0.59,0.00,0.00,,0,0,1.4,1.4,0.18,-1.4,-1.4
104,Lewis Cook,eng ENG,MF,Bournemouth,25,19.1,0,6,0,0.0,0.31,0.00,0.00,,0,0,0.2,0.2,0.04,-0.2,-0.2
105,Steve Cook,eng ENG,DF,Nott'ham Forest,31,10.6,0,3,0,0.0,0.28,0.00,0.00,,0,0,0.1,0.1,0.05,-0.1,-0.1
106,Liam Cooper,sct SCO,DF,Leeds United,30,15.8,1,10,2,20.0,0.63,0.13,0.10,0.50,0,0,1.0,1.0,0.11,0.0,0.0
107,Maxwel Cornet,ci CIV,FW,West Ham,25,2.7,0,9,2,22.2,3.31,0.73,0.00,0.00,0,0,1.3,1.3,0.14,-1.3,-1.3
108,Diego Costa,es ESP,FW,Wolves,33,13.8,1,28,14,50.0,2.03,1.02,0.04,0.07,0,0,3.2,3.2,0.11,-2.2,-2.2
109,Vladimír Coufal,cz CZE,DF,West Ham,29,23.7,0,6,0,0.0,0.25,0.00,0.00,,0,0,0.3,0.3,0.04,-0.3,-0.3
110,Philippe Coutinho,br BRA,"MF,FW",Aston Villa,30,8.8,1,21,8,38.1,2.40,0.91,0.05,0.13,0,0,1.4,1.4,0.07,-0.4,-0.4
111,Conor Coventry,ie IRL,"MF,FW",West Ham,22,0.0,0,0,0,,0.00,0.00,,,0,0,0.0,0.0,,0.0,0.0
112,Matthew Craig,sct SCO,MF,Tottenham,19,0.2,0,0,0,,0.00,0.00,,,0,0,0.0,0.0,,0.0,0.0
113,Aaron Cresswell,eng ENG,DF,West Ham,32,24.8,0,9,1,11.1,0.36,0.04,0.00,0.00,0,0,0.3,0.3,0.04,-0.3,-0.3
114,Marc Cucurella,es ESP,DF,Chelsea,24,18.6,0,7,0,0.0,0.38,0.00,0.00,,0,0,0.4,0.4,0.06,-0.4,-0.4
115,Matheus Cunha,br BRA,FW,Wolves,23,10.7,2,26,7,26.9,2.42,0.65,0.08,0.29,0,0,2.0,2.0,0.08,0.0,0.0
116,Patson Daka,zm ZAM,FW,Leicester City,23,13.2,4,30,16,53.3,2.27,1.21,0.13,0.25,0,0,3.5,3.5,0.12,+0.5,+0.5
117,Diogo Dalot,pt POR,DF,Manchester Utd,23,23.9,1,22,7,31.8,0.92,0.29,0.05,0.14,0,0,2.5,2.5,0.11,-1.5,-1.5
118,Mikkel Damsgaard,dk DEN,"MF,FW",Brentford,22,11.0,0,12,5,41.7,1.09,0.46,0.00,0.00,0,0,2.6,2.6,0.22,-2.6,-2.6
119,Danilo,br BRA,MF,Nott'ham Forest,21,10.8,3,15,4,26.7,1.38,0.37,0.20,0.75,0,0,1.5,1.5,0.10,+1.5,+1.5
120,Arnaut Danjuma,nl NED,"FW,MF",Tottenham,25,1.9,1,6,3,50.0,3.20,1.60,0.17,0.33,0,0,0.8,0.8,0.13,+0.2,+0.2
121,Josh Dasilva,eng ENG,MF,Brentford,23,15.4,4,18,6,33.3,1.17,0.39,0.22,0.67,0,0,1.5,1.5,0.09,+2.5,+2.5
122,David Datro Fofana,ci CIV,FW,Chelsea,19,0.8,0,3,1,33.3,3.86,1.29,0.00,0.00,0,0,0.2,0.2,0.08,-0.2,-0.2
123,Ben Davies,wls WAL,DF,Tottenham,29,25.4,2,14,5,35.7,0.55,0.20,0.14,0.40,0,0,1.0,1.0,0.07,+1.0,+1.0
124,Tom Davies,eng ENG,MF,Everton,24,6.0,0,9,2,22.2,1.51,0.33,0.00,0.00,0,0,1.2,1.2,0.13,-1.2,-1.2
125,Craig Dawson,eng ENG,DF,West Ham,32,8.0,0,6,1,16.7,0.75,0.12,0.00,0.00,0,0,0.5,0.5,0.08,-0.5,-0.5
126,Craig Dawson,eng ENG,DF,Wolves,32,15.7,1,11,2,18.2,0.70,0.13,0.09,0.50,0,0,1.0,1.0,0.09,0.0,0.0
127,Kevin De Bruyne,be BEL,MF,Manchester City,31,26.9,7,65,21,32.3,2.42,0.78,0.11,0.33,0,0,5.6,5.6,0.09,+1.4,+1.4
128,Siriki Dembélé,ci CIV,"FW,MF",Bournemouth,25,1.2,0,2,2,100.0,1.64,1.64,0.00,0.00,0,0,0.2,0.2,0.09,-0.2,-0.2
129,Leander Dendoncker,be BEL,MF,Aston Villa,27,7.7,0,2,0,0.0,0.26,0.00,0.00,,0,0,0.1,0.1,0.03,-0.1,-0.1
130,Leander Dendoncker,be BEL,MF,Wolves,27,2.4,0,3,2,66.7,1.26,0.84,0.00,0.00,0,0,0.7,0.7,0.22,-0.7,-0.7
131,Emmanuel Dennis,ng NGA,"FW,MF",Nott'ham Forest,24,8.0,2,21,7,33.3,2.62,0.87,0.10,0.29,0,0,1.9,1.9,0.09,+0.1,+0.1
132,Halil Dervişoğlu,tr TUR,MF,Brentford,22,0.1,0,1,0,0.0,11.25,0.00,0.00,,0,0,0.0,0.0,0.03,0.0,0.0
133,Kiernan Dewsbury-Hall,eng ENG,MF,Leicester City,23,25.6,2,26,6,23.1,1.01,0.23,0.08,0.33,0,0,2.4,2.4,0.09,-0.4,-0.4
134,Ibrahima Diallo,fr FRA,MF,Southampton,23,9.1,0,6,0,0.0,0.66,0.00,0.00,,0,0,0.2,0.2,0.03,-0.2,-0.2
135,Rúben Dias,pt POR,DF,Manchester City,25,22.2,0,10,2,20.0,0.45,0.09,0.00,0.00,0,0,1.3,1.3,0.13,-1.3,-1.3
136,Luis Díaz,co COL,FW,Liverpool,25,11.1,4,27,8,29.6,2.44,0.72,0.15,0.50,0,0,2.5,2.5,0.09,+1.5,+1.5
137,Eric Dier,eng ENG,DF,Tottenham,28,31.3,2,17,4,23.5,0.54,0.13,0.12,0.50,0,0,1.6,1.6,0.10,+0.4,+0.4
138,Lucas Digne,fr FRA,DF,Aston Villa,29,16.7,1,8,3,37.5,0.48,0.18,0.13,0.33,0,0,0.4,0.4,0.05,+0.6,+0.6
139,Issa Diop,fr FRA,DF,Fulham,25,22.4,1,3,2,66.7,0.13,0.09,0.33,0.50,0,0,0.3,0.3,0.09,+0.7,+0.7
140,Moussa Djenepo,ml MLI,"DF,FW",Southampton,24,7.9,0,3,2,66.7,0.38,0.25,0.00,0.00,0,0,0.2,0.2,0.06,-0.2,-0.2
141,Ben Doak,sct SCO,FW,Liverpool,16,0.3,0,0,0,,0.00,0.00,,,0,0,0.0,0.0,,0.0,0.0
142,Matt Doherty,ie IRL,"DF,MF",Tottenham,30,7.4,1,10,2,20.0,1.35,0.27,0.10,0.50,0,0,0.8,0.8,0.08,+0.2,+0.2
143,Gabriel Dos Santos,br BRA,DF,Arsenal,24,37.9,3,32,9,28.1,0.84,0.24,0.09,0.33,0,0,5.1,5.1,0.16,-2.1,-2.1
144,Abdoulaye Doucouré,ml MLI,MF,Everton,29,17.0,5,20,8,40.0,1.17,0.47,0.25,0.63,0,0,2.4,2.4,0.12,+2.6,+2.6
145,Cheick Doucouré,ml MLI,MF,Crystal Palace,22,30.8,0,36,7,19.4,1.17,0.23,0.00,0.00,0,0,1.4,1.4,0.04,-1.4,-1.4
146,Flynn Downes,eng ENG,MF,West Ham,23,8.5,0,4,1,25.0,0.47,0.12,0.00,0.00,0,0,0.4,0.4,0.11,-0.4,-0.4
147,Kami Doyle,eng ENG,MF,Southampton,16,0.1,0,0,0,,0.00,0.00,,,0,0,0.0,0.0,,0.0,0.0
148,Cody Drameh,eng ENG,DF,Leeds United,20,0.8,0,0,0,,0.00,0.00,,,0,0,0.0,0.0,,0.0,0.0
149,Martin Dúbravka,sk SVK,GK,Newcastle Utd,33,1.7,0,0,0,,0.00,0.00,,,0,0,0.0,0.0,,0.0,0.0
150,Shane Duffy,ie IRL,"DF,FW",Fulham,30,0.2,0,1,0,0.0,4.50,0.00,0.00,,0,0,0.2,0.2,0.16,-0.2,-0.2
151,Lewis Dunk,eng ENG,DF,Brighton,30,36.0,1,22,3,13.6,0.61,0.08,0.05,0.33,0,0,1.7,1.7,0.08,-0.7,-0.7
152,Jhon Durán,co COL,"FW,MF",Aston Villa,18,1.5,0,7,2,28.6,4.63,1.32,0.00,0.00,0,0,0.6,0.6,0.08,-0.6,-0.6
153,Malcolm Ebiowei,eng ENG,"MF,FW",Crystal Palace,18,0.4,0,0,0,,0.00,0.00,,,0,0,0.0,0.0,,0.0,0.0
154,Ederson,br BRA,GK,Manchester City,28,35.0,0,0,0,,0.00,0.00,,,0,0,0.0,0.0,,0.0,0.0
155,Odsonne Édouard,fr FRA,FW,Crystal Palace,24,20.0,5,39,15,38.5,1.95,0.75,0.13,0.33,0,0,4.2,4.2,0.11,+0.8,+0.8
156,Samuel Edozie,eng ENG,"FW,MF",Southampton,19,6.3,0,8,3,37.5,1.27,0.48,0.00,0.00,0,0,0.9,0.9,0.11,-0.9,-0.9
157,Anthony Elanga,se SWE,FW,Manchester Utd,20,4.7,0,10,4,40.0,2.11,0.85,0.00,0.00,0,0,0.7,0.7,0.07,-0.7,-0.7
158,Harvey Elliott,eng ENG,"MF,FW",Liverpool,19,17.9,1,36,12,33.3,2.01,0.67,0.03,0.08,0,0,2.1,2.1,0.06,-1.1,-1.1
159,Mohamed Elneny,eg EGY,MF,Arsenal,30,1.3,0,0,0,,0.00,0.00,,,0,0,0.0,0.0,,0.0,0.0
160,Mohamed Elyounoussi,no NOR,"MF,FW",Southampton,27,24.1,1,36,10,27.8,1.49,0.42,0.03,0.10,0,0,3.5,3.5,0.10,-2.5,-2.5
161,Emerson,br BRA,DF,Tottenham,23,19.3,2,17,6,35.3,0.88,0.31,0.12,0.33,0,0,1.7,1.7,0.10,+0.3,+0.3
162,Christian Eriksen,dk DEN,MF,Manchester Utd,30,22.8,1,39,11,28.2,1.71,0.48,0.03,0.09,0,0,5.0,5.0,0.13,-4.0,-4.0
163,Pervis Estupiñán,ec ECU,DF,Brighton,24,29.7,1,29,4,13.8,0.98,0.13,0.03,0.25,0,0,1.7,1.7,0.06,-0.7,-0.7
164,Jonny Evans,nir NIR,DF,Leicester City,34,11.7,0,1,1,100.0,0.09,0.09,0.00,0.00,0,0,0.2,0.2,0.17,-0.2,-0.2
165,Eberechi Eze,eng ENG,"MF,FW",Crystal Palace,24,29.3,10,70,25,35.7,2.39,0.85,0.13,0.36,1,1,7.3,6.5,0.09,+2.7,+2.5
166,Łukasz Fabiański,pl POL,GK,West Ham,37,34.6,0,0,0,,0.00,0.00,,,0,0,0.0,0.0,,0.0,0.0
167,Fabinho,br BRA,MF,Liverpool,28,29.7,0,18,4,22.2,0.61,0.13,0.00,0.00,0,0,0.7,0.7,0.04,-0.7,-0.7
168,Wout Faes,be BEL,DF,Leicester City,24,31.0,1,13,3,23.1,0.42,0.10,0.08,0.33,0,0,1.2,1.2,0.09,-0.2,-0.2
169,Felipe,br BRA,DF,Nott'ham Forest,33,15.8,0,13,1,7.7,0.83,0.06,0.00,0.00,0,0,1.2,1.2,0.09,-1.2,-1.2
170,João Félix,pt POR,"FW,MF",Chelsea,22,10.5,4,46,16,34.8,4.40,1.53,0.09,0.25,0,0,4.9,4.9,0.11,-0.9,-0.9
171,Evan Ferguson,ie IRL,FW,Brighton,17,10.6,6,36,17,47.2,3.41,1.61,0.17,0.35,0,0,5.3,5.3,0.15,+0.7,+0.7
172,Bruno Fernandes,pt POR,"MF,FW",Manchester Utd,27,36.8,8,90,32,35.6,2.44,0.87,0.07,0.19,2,2,9.3,7.7,0.09,-1.3,-1.7
173,Enzo Fernández,ar ARG,MF,Chelsea,21,17.2,0,20,3,15.0,1.16,0.17,0.00,0.00,0,0,0.8,0.8,0.04,-0.8,-0.8
174,Roberto Firmino,br BRA,"FW,MF",Liverpool,30,13.5,11,39,25,64.1,2.89,1.85,0.28,0.44,0,0,5.5,5.5,0.14,+5.5,+5.5
175,Junior Firpo,es ESP,DF,Leeds United,25,15.2,1,2,1,50.0,0.13,0.07,0.50,1.00,0,0,0.1,0.1,0.06,+0.9,+0.9
176,Phil Foden,eng ENG,FW,Manchester City,22,20.5,11,46,22,47.8,2.25,1.07,0.24,0.50,0,0,5.9,5.9,0.13,+5.1,+5.1
177,Wesley Fofana,fr FRA,DF,Leicester City,21,2.0,0,2,1,50.0,1.00,0.50,0.00,0.00,0,0,0.1,0.1,0.06,-0.1,-0.1
178,Wesley Fofana,fr FRA,DF,Chelsea,21,13.1,1,6,2,33.3,0.46,0.15,0.17,0.50,0,0,0.7,0.7,0.12,+0.3,+0.3
179,Pablo Fornals,es ESP,"FW,MF",West Ham,26,16.7,3,27,7,25.9,1.62,0.42,0.11,0.43,0,0,2.2,2.2,0.08,+0.8,+0.8
180,Adam Forshaw,eng ENG,MF,Leeds United,30,5.3,0,1,0,0.0,0.19,0.00,0.00,,0,0,0.0,0.0,0.03,0.0,0.0
181,Fraser Forster,eng ENG,GK,Tottenham,34,13.5,0,0,0,,0.00,0.00,,,0,0,0.0,0.0,,0.0,0.0
182,Tyrese Francois,au AUS,FW,Fulham,22,0.0,0,0,0,,0.00,0.00,,,0,0,0.0,0.0,,0.0,0.0
183,Ryan Fraser,sct SCO,FW,Newcastle Utd,28,3.5,0,6,1,16.7,1.73,0.29,0.00,0.00,0,0,0.3,0.3,0.05,-0.3,-0.3
184,Fred,br BRA,MF,Manchester Utd,29,13.9,2,26,5,19.2,1.87,0.36,0.08,0.40,0,0,2.0,2.0,0.08,0.0,0.0
185,Ryan Fredericks,eng ENG,DF,Bournemouth,29,5.9,0,0,0,,0.00,0.00,,,0,0,0.0,0.0,,0.0,0.0
186,Remo Freuler,ch SUI,MF,Nott'ham Forest,30,24.0,0,8,1,12.5,0.33,0.04,0.00,0.00,0,0,0.4,0.4,0.05,-0.4,-0.4
187,Cody Gakpo,nl NED,"FW,MF",Liverpool,23,16.2,7,39,12,30.8,2.41,0.74,0.18,0.58,0,0,6.2,6.2,0.16,+0.8,+0.8
188,Conor Gallagher,eng ENG,MF,Chelsea,22,18.0,3,28,11,39.3,1.55,0.61,0.11,0.27,0,0,2.5,2.5,0.09,+0.5,+0.5
189,Idrissa Gana Gueye,sn SEN,MF,Everton,32,28.6,0,15,6,40.0,0.52,0.21,0.00,0.00,0,0,0.7,0.7,0.05,-0.7,-0.7
190,Alejandro Garnacho,ar ARG,"FW,MF",Manchester Utd,18,6.3,3,24,9,37.5,3.80,1.42,0.13,0.33,0,0,3.0,3.0,0.13,0.0,0.0
191,James Garner,eng ENG,"MF,DF",Everton,21,8.9,0,9,3,33.3,1.01,0.34,0.00,0.00,0,0,0.8,0.8,0.08,-0.8,-0.8
192,David de Gea,es ESP,GK,Manchester Utd,31,38.0,0,0,0,,0.00,0.00,,,0,0,0.0,0.0,,0.0,0.0
193,Joe Gelhardt,eng ENG,FW,Leeds United,20,2.4,0,10,2,20.0,4.25,0.85,0.00,0.00,0,0,0.8,0.8,0.08,-0.8,-0.8
194,Saman Ghoddos,ir IRN,"MF,FW",Brentford,28,1.5,0,1,1,100.0,0.65,0.65,0.00,0.00,0,0,0.0,0.0,0.05,0.0,0.0
195,Morgan Gibbs-White,eng ENG,"FW,MF",Wolves,22,2.0,0,3,1,33.3,1.50,0.50,0.00,0.00,0,0,0.7,0.7,0.24,-0.7,-0.7
196,Morgan Gibbs-White,eng ENG,"MF,FW",Nott'ham Forest,22,33.0,5,57,19,33.3,1.73,0.58,0.05,0.16,2,2,6.0,4.4,0.08,-1.0,-1.4
197,Bryan Gil,es ESP,"MF,FW",Tottenham,21,1.6,0,2,1,50.0,1.22,0.61,0.00,0.00,0,0,0.1,0.1,0.05,-0.1,-0.1
198,Billy Gilmour,sct SCO,MF,Brighton,21,5.6,0,6,1,16.7,1.07,0.18,0.00,0.00,0,0,0.5,0.5,0.09,-0.5,-0.5
199,Degnand Gnonto,it ITA,"FW,MF",Leeds United,18,15.0,2,22,8,36.4,1.46,0.53,0.09,0.25,0,0,1.8,1.8,0.08,+0.2,+0.2
200,Ben Godfrey,eng ENG,DF,Everton,24,8.9,0,6,0,0.0,0.67,0.00,0.00,,0,0,1.2,1.2,0.21,-1.2,-1.2
201,João Gomes,br BRA,MF,Wolves,21,7.3,1,4,2,50.0,0.55,0.28,0.25,0.50,0,0,0.3,0.3,0.08,+0.7,+0.7
202,Toti Gomes,pt POR,DF,Wolves,23,10.9,1,5,2,40.0,0.46,0.18,0.20,0.50,0,0,0.4,0.4,0.08,+0.6,+0.6
203,Joe Gomez,eng ENG,DF,Liverpool,25,16.3,0,6,2,33.3,0.37,0.12,0.00,0.00,0,0,0.2,0.2,0.03,-0.2,-0.2
204,Sergio Gómez,es ESP,"DF,MF",Manchester City,21,3.9,0,7,0,0.0,1.81,0.00,0.00,,0,0,0.4,0.4,0.05,-0.4,-0.4
205,Anthony Gordon,eng ENG,"FW,MF",Newcastle Utd,21,5.4,1,8,2,25.0,1.48,0.37,0.13,0.50,0,0,1.7,1.7,0.21,-0.7,-0.7
206,Anthony Gordon,eng ENG,FW,Everton,21,12.2,3,26,16,61.5,2.14,1.32,0.12,0.19,0,0,3.3,3.3,0.13,-0.3,-0.3
207,Demarai Gray,jm JAM,"FW,MF",Everton,26,27.9,4,57,22,38.6,2.05,0.79,0.04,0.09,2,2,6.2,4.7,0.08,-2.2,-2.7
208,Jack Grealish,eng ENG,FW,Manchester City,26,22.8,5,41,15,36.6,1.80,0.66,0.12,0.33,0,0,4.6,4.6,0.11,+0.4,+0.4
209,Sam Greenwood,eng ENG,"MF,FW",Leeds United,20,4.7,1,12,2,16.7,2.55,0.42,0.08,0.50,0,0,0.7,0.7,0.06,+0.3,+0.3
210,Pascal Groß,de GER,"MF,DF",Brighton,31,36.0,9,39,19,48.7,1.08,0.53,0.23,0.47,0,0,5.4,5.4,0.14,+3.6,+3.6
211,Vicente Guaita,es ESP,GK,Crystal Palace,35,27.0,0,0,0,,0.00,0.00,,,0,0,0.0,0.0,,0.0,0.0
212,Gonçalo Guedes,pt POR,"FW,MF",Wolves,25,7.9,1,19,6,31.6,2.42,0.76,0.05,0.17,0,0,1.2,1.2,0.06,-0.2,-0.2
213,Marc Guéhi,eng ENG,DF,Crystal Palace,22,37.0,1,14,6,42.9,0.38,0.16,0.07,0.17,0,0,1.5,1.5,0.10,-0.5,-0.5
214,Bruno Guimarães,br BRA,MF,Newcastle Utd,24,30.3,4,28,8,28.6,0.92,0.26,0.14,0.50,0,0,2.8,2.8,0.10,+1.2,+1.2
215,İlkay Gündoğan,de GER,MF,Manchester City,31,26.1,8,53,20,37.7,2.03,0.76,0.15,0.40,0,1,7.5,6.7,0.13,+0.5,+1.3
216,Darko Gyabi,eng ENG,FW,Leeds United,18,0.1,0,1,0,0.0,11.25,0.00,0.00,,0,0,0.1,0.1,0.06,-0.1,-0.1
217,Erling Haaland,no NOR,FW,Manchester City,22,30.8,36,116,53,45.7,3.77,1.72,0.25,0.55,7,7,28.4,23.0,0.20,+7.6,+6.0
218,Lewis Hall,eng ENG,DF,Chelsea,17,7.3,0,11,5,45.5,1.51,0.69,0.00,0.00,0,0,0.9,0.9,0.08,-0.9,-0.9
219,Luke Harris,wls WAL,"MF,FW",Fulham,17,0.1,0,0,0,,0.00,0.00,,,0,0,0.0,0.0,,0.0,0.0
220,Jack Harrison,eng ENG,"FW,MF",Leeds United,25,30.1,5,39,14,35.9,1.30,0.47,0.13,0.36,0,0,4.7,4.7,0.12,+0.3,+0.3
221,Kai Havertz,de GER,"FW,MF",Chelsea,23,28.5,7,70,31,44.3,2.45,1.09,0.09,0.19,1,1,11.6,10.8,0.15,-4.6,-4.8
222,Jan Paul van Hecke,nl NED,DF,Brighton,22,3.3,0,2,0,0.0,0.61,0.00,0.00,,0,0,0.6,0.6,0.30,-0.6,-0.6
223,Hwang Hee-chan,kr KOR,"FW,MF",Wolves,26,12.6,3,18,7,38.9,1.43,0.56,0.17,0.43,0,0,2.9,2.9,0.16,+0.1,+0.1
224,Dean Henderson,eng ENG,GK,Nott'ham Forest,25,18.0,0,0,0,,0.00,0.00,,,0,0,0.0,0.0,,0.0,0.0
225,Jordan Henderson,eng ENG,MF,Liverpool,32,23.0,0,23,5,21.7,1.00,0.22,0.00,0.00,0,0,1.4,1.4,0.06,-1.4,-1.4
226,Wayne Hennessey,wls WAL,GK,Nott'ham Forest,35,3.0,0,0,0,,0.00,0.00,,,0,0,0.0,0.0,,0.0,0.0
227,Rico Henry,eng ENG,DF,Brentford,25,36.0,0,22,4,18.2,0.61,0.11,0.00,0.00,0,0,1.6,1.6,0.07,-1.6,-1.6
228,Son Heung-min,kr KOR,"MF,FW",Tottenham,30,32.1,10,81,38,46.9,2.52,1.18,0.12,0.26,0,0,10.1,10.1,0.12,-0.1,-0.1
229,Aaron Hickey,sct SCO,DF,Brentford,20,21.3,0,11,2,18.2,0.52,0.09,0.00,0.00,0,0,0.4,0.4,0.04,-0.4,-0.4
230,Jack Hinshelwood,eng ENG,FW,Brighton,17,0.0,0,0,0,,0.00,0.00,,,0,0,0.0,0.0,,0.0,0.0
231,Joseph Hodge,ie IRL,MF,Wolves,19,1.9,0,2,0,0.0,1.03,0.00,0.00,,0,0,0.3,0.3,0.13,-0.3,-0.3
232,Rob Holding,eng ENG,DF,Arsenal,26,6.3,1,5,2,40.0,0.80,0.32,0.20,0.50,0,0,0.3,0.3,0.07,+0.7,+0.7
233,Mason Holgate,eng ENG,DF,Everton,25,5.6,0,4,0,0.0,0.71,0.00,0.00,,0,0,1.0,1.0,0.25,-1.0,-1.0
234,Will Hughes,eng ENG,MF,Crystal Palace,27,9.4,1,6,4,66.7,0.64,0.43,0.17,0.25,0,0,0.3,0.3,0.06,+0.7,+0.7
235,Omari Hutchinson,eng ENG,FW,Chelsea,18,0.3,0,0,0,,0.00,0.00,,,0,0,0.0,0.0,,0.0,0.0
236,Pierre Højbjerg,dk DEN,MF,Tottenham,26,34.8,4,33,9,27.3,0.95,0.26,0.12,0.44,0,0,2.0,2.0,0.06,+2.0,+2.0
237,Kelechi Iheanacho,ng NGA,"FW,MF",Leicester City,25,12.5,5,38,13,34.2,3.03,1.04,0.11,0.31,1,1,7.1,6.3,0.17,-2.1,-2.3
238,Danny Ings,eng ENG,FW,West Ham,30,8.6,2,15,4,26.7,1.74,0.46,0.13,0.50,0,0,3.0,3.0,0.20,-1.0,-1.0
239,Danny Ings,eng ENG,FW,Aston Villa,30,9.2,6,25,12,48.0,2.73,1.31,0.16,0.33,2,2,5.3,3.8,0.15,+0.7,+0.2
240,Alexander Isak,se SWE,FW,Newcastle Utd,22,16.9,10,49,23,46.9,2.90,1.36,0.16,0.35,2,2,8.2,6.7,0.14,+1.8,+1.3
241,Daniel Iversen,dk DEN,GK,Leicester City,25,12.0,0,0,0,,0.00,0.00,,,0,0,0.0,0.0,,0.0,0.0
242,Alex Iwobi,ng NGA,"MF,FW",Everton,26,37.5,2,42,15,35.7,1.12,0.40,0.05,0.13,0,0,2.5,2.5,0.06,-0.5,-0.5
243,Daniel James,wls WAL,FW,Leeds United,24,2.2,0,3,1,33.3,1.36,0.45,0.00,0.00,0,0,0.3,0.3,0.09,-0.3,-0.3
244,Daniel James,wls WAL,FW,Fulham,24,6.9,2,14,3,21.4,2.03,0.43,0.14,0.67,0,0,1.7,1.7,0.12,+0.3,+0.3
245,Reece James,eng ENG,"DF,MF",Chelsea,22,13.8,1,16,4,25.0,1.16,0.29,0.06,0.25,0,0,1.0,1.0,0.06,0.0,0.0
246,Vitaly Janelt,de GER,"MF,DF",Brentford,24,24.5,3,14,5,35.7,0.57,0.20,0.21,0.60,0,0,2.4,2.4,0.17,+0.6,+0.6
247,Pontus Jansson,se SWE,DF,Brentford,31,8.0,1,4,2,50.0,0.50,0.25,0.25,0.50,0,0,0.3,0.3,0.08,+0.7,+0.7
248,Mathias Jensen,dk DEN,MF,Brentford,26,31.1,5,23,7,30.4,0.74,0.22,0.22,0.71,0,0,2.2,2.2,0.09,+2.8,+2.8
249,Gabriel Jesus,br BRA,FW,Arsenal,25,22.9,11,76,31,40.8,3.31,1.35,0.13,0.32,1,1,14.0,13.2,0.18,-3.0,-3.2
250,Raúl Jiménez,mx MEX,FW,Wolves,31,9.4,0,20,9,45.0,2.13,0.96,0.00,0.00,0,0,2.6,2.6,0.13,-2.6,-2.6
251,Joelinton,br BRA,"MF,FW",Newcastle Utd,25,29.6,6,51,19,37.3,1.72,0.64,0.12,0.32,0,0,7.1,7.1,0.14,-1.1,-1.1
252,Ben Johnson,eng ENG,DF,West Ham,22,9.6,0,2,1,50.0,0.21,0.10,0.00,0.00,0,0,0.1,0.1,0.03,-0.1,-0.1
253,Brennan Johnson,wls WAL,"FW,MF",Nott'ham Forest,21,32.6,8,52,24,46.2,1.60,0.74,0.13,0.29,1,3,8.6,6.2,0.12,-0.6,+0.8
254,Sam Johnstone,eng ENG,GK,Crystal Palace,29,9.0,0,0,0,,0.00,0.00,,,0,0,0.0,0.0,,0.0,0.0
255,Curtis Jones,eng ENG,MF,Liverpool,21,11.5,3,15,5,33.3,1.30,0.43,0.20,0.60,0,0,1.2,1.2,0.08,+1.8,+1.8
256,Jorginho,it ITA,MF,Arsenal,30,9.5,0,6,0,0.0,0.63,0.00,0.00,,0,0,0.2,0.2,0.04,-0.2,-0.2
257,Jorginho,it ITA,MF,Chelsea,30,14.2,2,3,1,33.3,0.21,0.07,0.00,0.00,2,2,1.7,0.1,0.04,+0.3,-0.1
258,Mateo Joseph,eng ENG,"FW,MF",Leeds United,18,0.3,0,1,1,100.0,3.46,3.46,0.00,0.00,0,0,0.1,0.1,0.12,-0.1,-0.1
259,Diogo Jota,pt POR,FW,Liverpool,25,12.6,7,35,11,31.4,2.79,0.88,0.20,0.64,0,0,6.5,6.5,0.19,+0.5,+0.5
260,Hamed Junior Traorè,ci CIV,"FW,MF",Bournemouth,22,4.7,0,6,0,0.0,1.26,0.00,0.00,,0,0,0.9,0.9,0.15,-0.9,-0.9
261,James Justin,eng ENG,DF,Leicester City,24,13.9,0,5,0,0.0,0.36,0.00,0.00,,0,0,0.3,0.3,0.06,-0.3,-0.3
262,Mathias Jørgensen,dk DEN,DF,Brentford,32,12.3,0,5,1,20.0,0.41,0.08,0.00,0.00,0,0,0.9,0.9,0.18,-0.9,-0.9
263,Sasa Kalajdzic,at AUT,FW,Wolves,25,0.5,0,1,0,0.0,2.00,0.00,0.00,,0,0,0.3,0.3,0.27,-0.3,-0.3
264,Boubacar Kamara,fr FRA,MF,Aston Villa,22,19.7,0,4,1,25.0,0.20,0.05,0.00,0.00,0,0,0.2,0.2,0.05,-0.2,-0.2
265,Harry Kane,eng ENG,FW,Tottenham,29,37.8,30,124,54,43.5,3.28,1.43,0.20,0.46,5,6,21.5,16.7,0.13,+8.5,+8.3
266,N'Golo Kanté,fr FRA,MF,Chelsea,31,5.8,0,8,1,12.5,1.39,0.17,0.00,0.00,0,0,0.3,0.3,0.04,-0.3,-0.3
267,Michael Keane,eng ENG,DF,Everton,29,10.9,1,14,4,28.6,1.28,0.37,0.07,0.25,0,0,1.3,1.3,0.10,-0.3,-0.3
268,Neeskens Kebano,cd COD,FW,Fulham,30,8.5,0,9,2,22.2,1.06,0.24,0.00,0.00,0,0,0.5,0.5,0.05,-0.5,-0.5
269,Thilo Kehrer,de GER,DF,West Ham,25,24.8,0,8,1,12.5,0.32,0.04,0.00,0.00,0,0,0.5,0.5,0.06,-0.5,-0.5
270,Naby Keïta,gn GUI,MF,Liverpool,27,3.3,0,10,0,0.0,3.07,0.00,0.00,,0,0,0.6,0.6,0.06,-0.6,-0.6
271,Caoimhín Kelleher,ie IRL,GK,Liverpool,23,1.0,0,0,0,,0.00,0.00,,,0,0,0.0,0.0,,0.0,0.0
272,Lloyd Kelly,eng ENG,DF,Bournemouth,23,22.7,0,3,0,0.0,0.13,0.00,0.00,,0,0,0.2,0.2,0.07,-0.2,-0.2
273,Max Kilman,eng ENG,DF,Wolves,25,36.7,0,14,0,0.0,0.38,0.00,0.00,,0,0,1.3,1.3,0.10,-1.3,-1.3
274,Jakub Kiwior,pl POL,DF,Arsenal,22,4.7,1,1,1,100.0,0.21,0.21,1.00,1.00,0,0,0.1,0.1,0.09,+0.9,+0.9
275,Mateusz Klich,pl POL,"MF,FW",Leeds United,32,3.1,0,4,1,25.0,1.29,0.32,0.00,0.00,0,0,0.2,0.2,0.04,-0.2,-0.2
276,Robin Koch,de GER,DF,Leeds United,26,35.3,0,17,4,23.5,0.48,0.11,0.00,0.00,0,0,1.5,1.5,0.09,-1.5,-1.5
277,Ibrahima Konaté,fr FRA,DF,Liverpool,23,17.2,0,11,3,27.3,0.64,0.17,0.00,0.00,0,0,1.2,1.2,0.11,-1.2,-1.2
278,Ezri Konsa,eng ENG,DF,Aston Villa,24,36.9,0,8,0,0.0,0.22,0.00,0.00,,0,0,1.1,1.1,0.13,-1.1,-1.1
279,Kalidou Koulibaly,sn SEN,DF,Chelsea,31,20.0,2,11,4,36.4,0.55,0.20,0.18,0.50,0,0,0.9,0.9,0.09,+1.1,+1.1
280,Cheikhou Kouyaté,sn SEN,MF,Nott'ham Forest,32,9.8,1,6,5,83.3,0.61,0.51,0.17,0.20,0,0,0.4,0.4,0.06,+0.6,+0.6
281,Mateo Kovačić,hr CRO,MF,Chelsea,28,19.0,1,23,1,4.3,1.21,0.05,0.04,1.00,0,0,1.8,1.8,0.08,-0.8,-0.8
282,Emil Krafth,se SWE,DF,Newcastle Utd,27,0.0,0,0,0,,0.00,0.00,,,0,0,0.0,0.0,,0.0,0.0
283,Dejan Kulusevski,se SWE,"MF,FW",Tottenham,22,23.0,2,43,10,23.3,1.87,0.44,0.05,0.20,0,0,2.6,2.6,0.06,-0.6,-0.6
284,Layvin Kurzawa,fr FRA,DF,Fulham,29,1.5,0,0,0,,0.00,0.00,,,0,0,0.0,0.0,,0.0,0.0
285,Adam Lallana,eng ENG,"MF,FW",Brighton,34,8.0,2,8,5,62.5,1.00,0.62,0.25,0.40,0,0,0.9,0.9,0.11,+1.1,+1.1
286,Tariq Lamptey,gh GHA,DF,Brighton,21,5.0,0,5,0,0.0,0.99,0.00,0.00,,0,0,0.2,0.2,0.04,-0.2,-0.2
287,Manuel Lanzini,ar ARG,"MF,FW",West Ham,29,2.8,1,3,1,33.3,1.07,0.36,0.33,1.00,0,0,0.5,0.5,0.18,+0.5,+0.5
288,Aymeric Laporte,es ESP,DF,Manchester City,28,11.0,0,10,1,10.0,0.91,0.09,0.00,0.00,0,0,0.5,0.5,0.05,-0.5,-0.5
289,Juan Larios,es ESP,DF,Southampton,18,1.7,0,0,0,,0.00,0.00,,,0,0,0.0,0.0,,0.0,0.0
290,Jamaal Lascelles,eng ENG,DF,Newcastle Utd,28,2.4,0,2,0,0.0,0.83,0.00,0.00,,0,0,0.1,0.1,0.05,-0.1,-0.1
291,Roméo Lavia,be BEL,MF,Southampton,18,24.7,1,12,3,25.0,0.49,0.12,0.08,0.33,0,0,0.4,0.4,0.03,+0.6,+0.6
292,Dexter Lembikisa,jm JAM,DF,Wolves,18,0.3,0,0,0,,0.00,0.00,,,0,0,0.0,0.0,,0.0,0.0
293,Mario Lemina,ga GAB,MF,Wolves,28,14.4,0,9,2,22.2,0.62,0.14,0.00,0.00,0,0,0.3,0.3,0.03,-0.3,-0.3
294,Clément Lenglet,fr FRA,DF,Tottenham,27,22.4,0,13,2,15.4,0.58,0.09,0.00,0.00,0,0,1.0,1.0,0.07,-1.0,-1.0
295,Bernd Leno,de GER,GK,Fulham,30,36.0,0,0,0,,0.00,0.00,,,0,0,0.0,0.0,,0.0,0.0
296,Jefferson Lerma,co COL,MF,Bournemouth,27,36.1,5,35,10,28.6,0.97,0.28,0.14,0.50,0,0,2.6,2.6,0.07,+2.4,+2.4
297,Jamal Lewis,nir NIR,"DF,FW",Newcastle Utd,24,0.1,0,0,0,,0.00,0.00,,,0,0,0.0,0.0,,0.0,0.0
298,Rico Lewis,eng ENG,"DF,MF",Manchester City,17,10.0,0,5,2,40.0,0.50,0.20,0.00,0.00,0,0,0.2,0.2,0.04,-0.2,-0.2
299,Keane Lewis-Potter,eng ENG,"FW,MF",Brentford,21,3.6,0,7,2,28.6,1.96,0.56,0.00,0.00,0,0,0.5,0.5,0.07,-0.5,-0.5
300,Victor Lindelöf,se SWE,DF,Manchester Utd,28,15.2,0,3,0,0.0,0.20,0.00,0.00,,0,0,0.3,0.3,0.09,-0.3,-0.3
301,Jesse Lingard,eng ENG,"FW,MF",Nott'ham Forest,29,10.3,0,10,2,20.0,0.98,0.20,0.00,0.00,0,0,1.0,1.0,0.10,-1.0,-1.0
302,Valentino Livramento,eng ENG,"DF,FW",Southampton,19,0.3,0,0,0,,0.00,0.00,,,0,0,0.0,0.0,,0.0,0.0
303,Diego Llorente,es ESP,DF,Leeds United,28,7.2,0,6,0,0.0,0.83,0.00,0.00,,0,0,0.7,0.7,0.12,-0.7,-0.7
304,Hugo Lloris,fr FRA,GK,Tottenham,35,24.5,0,0,0,,0.00,0.00,,,0,0,0.0,0.0,,0.0,0.0
305,Renan Lodi,br BRA,DF,Nott'ham Forest,24,24.6,0,15,0,0.0,0.61,0.00,0.00,,0,0,1.0,1.0,0.06,-1.0,-1.0
306,Ruben Loftus-Cheek,eng ENG,"MF,DF",Chelsea,26,17.1,0,9,2,22.2,0.53,0.12,0.00,0.00,0,0,0.8,0.8,0.09,-0.8,-0.8
307,Sean Longstaff,eng ENG,MF,Newcastle Utd,24,28.0,1,33,7,21.2,1.18,0.25,0.03,0.14,0,0,3.6,3.6,0.11,-2.6,-2.6
308,Jamal Lowe,jm JAM,"MF,FW",Bournemouth,28,0.1,0,0,0,,0.00,0.00,,,0,0,0.0,0.0,,0.0,0.0
309,Douglas Luiz,br BRA,MF,Aston Villa,24,32.5,6,34,12,35.3,1.05,0.37,0.18,0.50,0,0,2.8,2.8,0.08,+3.2,+3.2
310,Saša Lukić,rs SRB,MF,Fulham,25,4.6,0,5,1,20.0,1.09,0.22,0.00,0.00,0,0,0.1,0.1,0.02,-0.1,-0.1
311,Lyanco,br BRA,DF,Southampton,25,13.1,1,12,4,33.3,0.92,0.31,0.08,0.25,0,0,0.6,0.6,0.05,+0.4,+0.4
312,Alexis Mac Allister,ar ARG,MF,Brighton,23,32.1,10,80,28,35.0,2.49,0.87,0.05,0.14,6,6,12.1,7.3,0.09,-2.1,-3.3
313,James Maddison,eng ENG,"MF,FW",Leicester City,25,27.6,10,83,27,32.5,3.01,0.98,0.11,0.33,1,2,8.7,6.6,0.08,+1.3,+2.4
314,Noni Madueke,eng ENG,FW,Chelsea,20,7.1,1,12,6,50.0,1.68,0.84,0.08,0.17,0,0,0.9,0.9,0.08,+0.1,+0.1
315,Harry Maguire,eng ENG,DF,Manchester Utd,29,8.5,0,3,0,0.0,0.35,0.00,0.00,,0,0,0.3,0.3,0.12,-0.3,-0.3
316,Riyad Mahrez,dz ALG,"FW,MF",Manchester City,31,21.3,5,42,12,28.6,1.97,0.56,0.10,0.33,1,1,5.6,4.8,0.11,-0.6,-0.8
317,Kobbie Mainoo,eng ENG,MF,Manchester Utd,17,0.1,0,0,0,,0.00,0.00,,,0,0,0.0,0.0,,0.0,0.0
318,Ainsley Maitland-Niles,eng ENG,"DF,MF",Southampton,24,15.6,0,1,1,100.0,0.06,0.06,0.00,0.00,0,0,0.0,0.0,0.02,0.0,0.0
319,Tyrell Malacia,nl NED,DF,Manchester Utd,22,15.5,0,5,2,40.0,0.32,0.13,0.00,0.00,0,0,0.2,0.2,0.05,-0.2,-0.2
320,Orel Mangala,be BEL,MF,Nott'ham Forest,24,17.2,1,9,3,33.3,0.52,0.17,0.11,0.33,0,0,0.6,0.6,0.06,+0.4,+0.4
321,Javier Manquillo,es ESP,DF,Newcastle Utd,28,0.4,0,0,0,,0.00,0.00,,,0,0,0.0,0.0,,0.0,0.0
322,Sekou Mara,fr FRA,"FW,MF",Southampton,20,6.2,1,17,4,23.5,2.76,0.65,0.06,0.25,0,0,1.0,1.0,0.06,0.0,0.0
323,Solly March,eng ENG,"FW,DF",Brighton,28,30.2,7,74,31,41.9,2.45,1.03,0.09,0.23,0,0,8.1,8.1,0.11,-1.1,-1.1
324,Emiliano Marcondes,dk DEN,MF,Bournemouth,27,0.1,0,0,0,,0.00,0.00,,,0,0,0.0,0.0,,0.0,0.0
325,Marquinhos,br BRA,MF,Arsenal,19,0.0,0,0,0,,0.00,0.00,,,0,0,0.0,0.0,,0.0,0.0
326,Anthony Martial,fr FRA,FW,Manchester Utd,26,10.9,6,26,12,46.2,2.39,1.10,0.19,0.42,1,1,6.2,5.5,0.21,-0.2,-0.5
327,Gabriel Martinelli,br BRA,FW,Arsenal,21,31.0,15,79,30,38.0,2.55,0.97,0.19,0.50,0,0,9.3,9.3,0.12,+5.7,+5.7
328,Emiliano Martínez,ar ARG,GK,Aston Villa,29,34.9,0,0,0,,0.00,0.00,,,0,0,0.0,0.0,,0.0,0.0
329,Lisandro Martínez,ar ARG,DF,Manchester Utd,24,23.5,1,10,1,10.0,0.43,0.04,0.10,1.00,0,0,0.5,0.5,0.05,+0.5,+0.5
330,Pape Matar Sarr,sn SEN,"MF,FW",Tottenham,19,2.4,0,2,0,0.0,0.83,0.00,0.00,,0,0,0.1,0.1,0.03,-0.1,-0.1
331,Jean-Philippe Mateta,fr FRA,FW,Crystal Palace,25,8.6,2,27,7,25.9,3.16,0.82,0.07,0.29,0,0,3.4,3.4,0.13,-1.4,-1.4
332,Joël Matip,cm CMR,DF,Liverpool,30,12.1,1,5,3,60.0,0.41,0.25,0.20,0.33,0,0,0.7,0.7,0.17,+0.3,+0.3
333,Neal Maupay,fr FRA,FW,Everton,25,12.4,1,32,13,40.6,2.58,1.05,0.03,0.08,0,0,4.8,4.8,0.15,-3.8,-3.8
334,Kevin Mbabu,ch SUI,"DF,FW",Fulham,27,1.6,0,0,0,,0.00,0.00,,,0,0,0.0,0.0,,0.0,0.0
335,Bryan Mbeumo,cm CMR,FW,Brentford,22,32.3,9,70,32,45.7,2.17,0.99,0.11,0.25,1,1,9.8,9.0,0.13,-0.8,-1.0
336,James McArthur,sct SCO,MF,Crystal Palace,34,0.6,0,0,0,,0.00,0.00,,,0,0,0.0,0.0,,0.0,0.0
337,Alex McCarthy,eng ENG,GK,Southampton,32,6.0,0,0,0,,0.00,0.00,,,0,0,0.0,0.0,,0.0,0.0
338,John McGinn,sct SCO,"MF,FW",Aston Villa,27,29.9,1,42,11,26.2,1.40,0.37,0.02,0.09,0,0,2.4,2.4,0.06,-1.4,-1.4
339,Scott McKenna,sct SCO,DF,Nott'ham Forest,25,17.5,0,2,0,0.0,0.11,0.00,0.00,,0,0,0.1,0.1,0.04,-0.1,-0.1
340,Weston McKennie,us USA,MF,Leeds United,23,16.0,0,13,2,15.4,0.81,0.13,0.00,0.00,0,0,0.8,0.8,0.06,-0.8,-0.8
341,Dwight McNeil,eng ENG,"FW,MF",Everton,22,27.8,7,46,15,32.6,1.66,0.54,0.15,0.47,0,0,3.5,3.5,0.08,+3.5,+3.5
342,Scott McTominay,sct SCO,MF,Manchester Utd,25,12.9,1,13,6,46.2,1.01,0.47,0.08,0.17,0,0,1.9,1.9,0.15,-0.9,-0.9
343,Ben Mee,eng ENG,DF,Brentford,32,36.3,3,28,7,25.0,0.77,0.19,0.11,0.43,0,0,3.2,3.2,0.12,-0.2,-0.2
344,Edouard Mendy,sn SEN,GK,Chelsea,30,9.5,0,0,0,,0.00,0.00,,,0,0,0.0,0.0,,0.0,0.0
345,Nampalys Mendy,sn SEN,MF,Leicester City,30,8.4,1,2,1,50.0,0.24,0.12,0.50,1.00,0,0,0.1,0.1,0.07,+0.9,+0.9
346,Chris Mepham,wls WAL,DF,Bournemouth,24,24.4,0,8,4,50.0,0.33,0.16,0.00,0.00,0,0,0.7,0.7,0.09,-0.7,-0.7
347,Illan Meslier,fr FRA,GK,Leeds United,22,34.0,0,1,1,100.0,0.03,0.03,0.00,0.00,0,0,0.1,0.1,0.12,-0.1,-0.1
348,Alex Mighten,eng ENG,FW,Nott'ham Forest,20,0.1,0,0,0,,0.00,0.00,,,0,0,0.0,0.0,,0.0,0.0
349,Lewis Miley,eng ENG,MF,Newcastle Utd,16,0.2,0,1,0,0.0,6.00,0.00,0.00,,0,0,0.1,0.1,0.07,-0.1,-0.1
350,Luka Milivojević,rs SRB,MF,Crystal Palace,31,5.7,0,7,0,0.0,1.23,0.00,0.00,,0,0,0.3,0.3,0.05,-0.3,-0.3
351,James Milner,eng ENG,"MF,DF",Liverpool,36,10.1,0,7,1,14.3,0.69,0.10,0.00,0.00,0,0,0.4,0.4,0.06,-0.4,-0.4
352,Yerry Mina,co COL,DF,Everton,27,6.6,2,8,4,50.0,1.21,0.61,0.25,0.50,0,0,1.5,1.5,0.18,+0.5,+0.5
353,Tyrone Mings,eng ENG,DF,Aston Villa,29,35.0,1,7,2,28.6,0.20,0.06,0.14,0.50,0,0,1.2,1.2,0.17,-0.2,-0.2
354,Tyrick Mitchell,eng ENG,DF,Crystal Palace,22,32.1,0,6,1,16.7,0.19,0.03,0.00,0.00,0,0,0.6,0.6,0.10,-0.6,-0.6
355,Kaoru Mitoma,jp JPN,"FW,MF",Brighton,25,25.8,7,52,21,40.4,2.02,0.82,0.13,0.33,0,0,8.1,8.1,0.16,-1.1,-1.1
356,Aleksandar Mitrović,rs SRB,FW,Fulham,27,22.3,14,85,27,31.8,3.81,1.21,0.12,0.37,4,8,14.9,8.6,0.10,-0.9,+1.4
357,Kieffer Moore,wls WAL,FW,Bournemouth,29,14.2,4,23,8,34.8,1.62,0.56,0.17,0.50,0,0,4.4,4.4,0.19,-0.4,-0.4
358,Andrew Moran,ie IRL,FW,Brighton,18,0.1,0,0,0,,0.00,0.00,,,0,0,0.0,0.0,,0.0,0.0
359,Álex Moreno,es ESP,DF,Aston Villa,29,14.8,0,13,3,23.1,0.88,0.20,0.00,0.00,0,0,0.6,0.6,0.05,-0.6,-0.6
360,Mason Mount,eng ENG,"MF,FW",Chelsea,23,18.3,3,33,9,27.3,1.80,0.49,0.09,0.33,0,0,2.0,2.0,0.06,+1.0,+1.0
361,Lucas Moura,br BRA,"MF,DF",Tottenham,29,1.7,1,4,1,25.0,2.35,0.59,0.25,1.00,0,0,0.5,0.5,0.14,+0.5,+0.5
362,João Moutinho,pt POR,MF,Wolves,35,19.8,0,16,3,18.8,0.81,0.15,0.00,0.00,0,0,1.3,1.3,0.08,-1.3,-1.3
363,Divin Mubama,eng ENG,FW,West Ham,17,0.4,0,0,0,,0.00,0.00,,,0,0,0.0,0.0,,0.0,0.0
364,Mykhailo Mudryk,ua UKR,"FW,MF",Chelsea,21,7.3,0,14,5,35.7,1.92,0.68,0.00,0.00,0,0,1.9,1.9,0.13,-1.9,-1.9
365,Jacob Murphy,eng ENG,FW,Newcastle Utd,27,13.9,4,29,10,34.5,2.09,0.72,0.14,0.40,0,0,3.3,3.3,0.11,+0.7,+0.7
366,Enock Mwepu,zm ZAM,"FW,MF",Brighton,24,2.4,0,2,1,50.0,0.85,0.42,0.00,0.00,0,0,0.2,0.2,0.11,-0.2,-0.2
367,Vitaliy Mykolenko,ua UKR,DF,Everton,23,29.5,0,10,3,30.0,0.34,0.10,0.00,0.00,0,0,0.5,0.5,0.05,-0.5,-0.5
368,Keylor Navas,cr CRC,GK,Nott'ham Forest,35,17.0,0,0,0,,0.00,0.00,,,0,0,0.0,0.0,,0.0,0.0
369,Wilfred Ndidi,ng NGA,MF,Leicester City,25,18.7,0,7,2,28.6,0.38,0.11,0.00,0.00,0,0,0.2,0.2,0.03,-0.2,-0.2
370,Reiss Nelson,eng ENG,FW,Arsenal,22,2.4,3,12,7,58.3,5.09,2.97,0.25,0.43,0,0,1.1,1.1,0.09,+1.9,+1.9
371,Neto,br BRA,GK,Bournemouth,33,26.5,0,0,0,,0.00,0.00,,,0,0,0.0,0.0,,0.0,0.0
372,Pedro Neto,pt POR,"FW,MF",Wolves,22,10.7,0,17,3,17.6,1.59,0.28,0.00,0.00,0,0,1.1,1.1,0.06,-1.1,-1.1
373,Rúben Neves,pt POR,MF,Wolves,25,33.5,6,63,13,20.6,1.88,0.39,0.05,0.23,3,3,5.2,2.8,0.04,+0.8,+0.2
374,Moussa Niakhate,sn SEN,DF,Nott'ham Forest,26,12.9,0,6,3,50.0,0.46,0.23,0.00,0.00,0,0,0.6,0.6,0.10,-0.6,-0.6
375,Rasmus Nissen,dk DEN,DF,Leeds United,25,21.8,3,13,5,38.5,0.60,0.23,0.23,0.60,0,0,0.8,0.8,0.06,+2.2,+2.2
376,Eddie Nketiah,eng ENG,FW,Arsenal,23,12.1,4,41,14,34.1,3.39,1.16,0.10,0.29,0,0,8.2,8.2,0.20,-4.2,-4.2
377,Matheus Nunes,pt POR,MF,Wolves,23,27.4,1,28,9,32.1,1.02,0.33,0.04,0.11,0,0,2.4,2.4,0.09,-1.4,-1.4
378,Darwin Núñez,uy URU,FW,Liverpool,23,18.8,9,84,35,41.7,4.46,1.86,0.11,0.26,0,0,12.1,12.1,0.14,-3.1,-3.1
379,Ethan Nwaneri,eng ENG,FW,Arsenal,15,0.0,0,0,0,,0.00,0.00,,,0,0,0.0,0.0,,0.0,0.0
380,Christian Nørgaard,dk DEN,MF,Brentford,28,19.6,1,19,8,42.1,0.97,0.41,0.05,0.13,0,0,1.6,1.6,0.08,-0.6,-0.6
381,Lewis O'Brien,eng ENG,MF,Nott'ham Forest,23,6.5,1,7,2,28.6,1.08,0.31,0.14,0.50,0,0,0.3,0.3,0.05,+0.7,+0.7
382,Odeluga Offiah,eng ENG,DF,Brighton,19,0.3,0,0,0,,0.00,0.00,,,0,0,0.0,0.0,,0.0,0.0
383,Angelo Ogbonna,it ITA,DF,West Ham,34,13.7,0,3,0,0.0,0.22,0.00,0.00,,0,0,0.3,0.3,0.09,-0.3,-0.3
384,Michael Olise,fr FRA,"FW,MF",Crystal Palace,20,30.5,2,51,14,27.5,1.67,0.46,0.04,0.14,0,0,2.9,2.9,0.06,-0.9,-0.9
385,Robin Olsen,se SWE,GK,Aston Villa,32,3.1,0,0,0,,0.00,0.00,,,0,0,0.0,0.0,,0.0,0.0
386,Amadou Onana,be BEL,MF,Everton,20,27.6,1,34,6,17.6,1.23,0.22,0.03,0.17,0,0,3.0,3.0,0.09,-2.0,-2.0
387,Josh Onomah,eng ENG,MF,Fulham,25,0.2,0,0,0,,0.00,0.00,,,0,0,0.0,0.0,,0.0,0.0
388,Paul Onuachu,ng NGA,FW,Southampton,28,4.5,0,11,5,45.5,2.43,1.11,0.00,0.00,0,0,1.3,1.3,0.12,-1.3,-1.3
389,Frank Onyeka,ng NGA,MF,Brentford,24,9.4,0,9,4,44.4,0.96,0.42,0.00,0.00,0,0,1.0,1.0,0.11,-1.0,-1.0
390,Mislav Oršić,hr CRO,MF,Southampton,29,0.1,0,0,0,,0.00,0.00,,,0,0,0.0,0.0,,0.0,0.0
391,Stefan Ortega,de GER,GK,Manchester City,29,3.0,0,0,0,,0.00,0.00,,,0,0,0.0,0.0,,0.0,0.0
392,Dango Ouattara,bf BFA,"MF,FW",Bournemouth,20,13.8,1,26,5,19.2,1.89,0.36,0.04,0.20,0,0,3.6,3.6,0.14,-2.6,-2.6
393,Alex Oxlade-Chamberlain,eng ENG,"FW,MF",Liverpool,28,3.7,1,7,3,42.9,1.88,0.81,0.14,0.33,0,0,1.3,1.3,0.19,-0.3,-0.3
394,David Ozoh,eng ENG,FW,Crystal Palace,17,0.0,0,0,0,,0.00,0.00,,,0,0,0.0,0.0,,0.0,0.0
395,João Palhinha,pt POR,MF,Fulham,27,34.5,3,39,9,23.1,1.13,0.26,0.08,0.33,0,0,2.9,2.9,0.07,+0.1,+0.1
396,Cole Palmer,eng ENG,"MF,FW",Manchester City,20,4.1,0,11,3,27.3,2.68,0.73,0.00,0.00,0,0,1.2,1.2,0.14,-1.2,-1.2
397,Emerson Palmieri,it ITA,DF,West Ham,27,14.7,1,11,5,45.5,0.75,0.34,0.09,0.20,0,0,0.8,0.8,0.07,+0.2,+0.2
398,Lucas Paquetá,br BRA,MF,West Ham,24,23.9,4,52,14,26.9,2.18,0.59,0.06,0.21,1,1,4.4,3.6,0.07,-0.4,-0.6
399,Thomas Partey,gh GHA,MF,Arsenal,29,27.6,3,28,4,14.3,1.01,0.14,0.11,0.75,0,0,2.2,2.2,0.08,+0.8,+0.8
400,Nathan Patterson,sct SCO,"DF,MF",Everton,20,14.2,0,8,1,12.5,0.56,0.07,0.00,0.00,0,0,0.5,0.5,0.06,-0.5,-0.5
401,Ben Pearson,eng ENG,MF,Bournemouth,27,3.2,0,2,1,50.0,0.63,0.31,0.00,0.00,0,0,0.0,0.0,0.02,0.0,0.0
402,Facundo Pellistri,uy URU,"FW,MF",Manchester Utd,20,0.7,0,0,0,,0.00,0.00,,,0,0,0.0,0.0,,0.0,0.0
403,Andreas Pereira,br BRA,MF,Fulham,26,29.9,4,61,22,36.1,2.04,0.74,0.05,0.14,1,1,7.3,6.5,0.11,-3.3,-3.5
404,Ricardo Pereira,pt POR,"DF,MF",Leicester City,28,5.0,1,2,1,50.0,0.40,0.20,0.50,1.00,0,0,0.1,0.1,0.06,+0.9,+0.9
405,Ayoze Pérez,es ESP,"MF,FW",Leicester City,29,4.2,0,8,2,25.0,1.88,0.47,0.00,0.00,0,0,1.1,1.1,0.14,-1.1,-1.1
406,Ivan Perišić,hr CRO,"DF,MF",Tottenham,33,23.4,1,29,8,27.6,1.24,0.34,0.03,0.13,0,0,2.6,2.6,0.09,-1.6,-1.6
407,Romain Perraud,fr FRA,DF,Southampton,24,20.4,2,30,6,20.0,1.47,0.29,0.07,0.33,0,0,1.3,1.3,0.04,+0.7,+0.7
408,Máximo Perrone,ar ARG,MF,Manchester City,19,0.2,0,0,0,,0.00,0.00,,,0,0,0.0,0.0,,0.0,0.0
409,Cameron Peupion,au AUS,MF,Brighton,19,0.1,0,1,0,0.0,15.00,0.00,0.00,,0,0,0.1,0.1,0.06,-0.1,-0.1
410,Kalvin Phillips,eng ENG,MF,Manchester City,26,3.3,0,6,0,0.0,1.80,0.00,0.00,,0,0,0.3,0.3,0.05,-0.3,-0.3
411,Nathaniel Phillips,eng ENG,DF,Liverpool,25,0.7,0,1,0,0.0,1.36,0.00,0.00,,0,0,0.0,0.0,0.04,0.0,0.0
412,Jordan Pickford,eng ENG,GK,Everton,28,37.0,0,0,0,,0.00,0.00,,,0,0,0.0,0.0,,0.0,0.0
413,Ethan Pinnock,jm JAM,DF,Brentford,29,30.0,3,15,8,53.3,0.50,0.27,0.20,0.38,0,0,3.0,3.0,0.21,0.0,0.0
414,Daniel Podence,pt POR,"FW,MF",Wolves,26,19.7,6,43,17,39.5,2.19,0.86,0.14,0.35,0,0,3.9,3.9,0.09,+2.1,+2.1
415,Nick Pope,eng ENG,GK,Newcastle Utd,30,36.2,0,0,0,,0.00,0.00,,,0,0,0.0,0.0,,0.0,0.0
416,Pedro Porro,es ESP,"DF,MF",Tottenham,22,12.6,3,26,7,26.9,2.07,0.56,0.12,0.43,0,0,1.8,1.8,0.07,+1.2,+1.2
417,Dennis Praet,be BEL,"MF,FW",Leicester City,28,7.2,1,5,2,40.0,0.69,0.28,0.20,0.50,0,0,1.0,1.0,0.20,0.0,0.0
418,Isaac Price,nir NIR,MF,Everton,18,0.4,0,0,0,,0.00,0.00,,,0,0,0.0,0.0,,0.0,0.0
419,Christian Pulisic,us USA,"FW,DF",Chelsea,23,9.1,1,19,6,31.6,2.08,0.66,0.05,0.17,0,0,1.7,1.7,0.09,-0.7,-0.7
420,Aaron Ramsdale,eng ENG,GK,Arsenal,24,38.0,0,0,0,,0.00,0.00,,,0,0,0.0,0.0,,0.0,0.0
421,Jacob Ramsey,eng ENG,"MF,FW",Aston Villa,21,29.3,6,33,13,39.4,1.13,0.44,0.18,0.46,0,0,5.0,5.0,0.15,+1.0,+1.0
422,Marcus Rashford,eng ENG,FW,Manchester Utd,24,32.0,17,108,49,45.4,3.38,1.53,0.16,0.35,0,0,15.4,15.4,0.15,+1.6,+1.6
423,David Raya,es ESP,GK,Brentford,26,38.0,0,1,0,0.0,0.03,0.00,0.00,,0,0,0.1,0.1,0.11,-0.1,-0.1
424,Tim Ream,us USA,DF,Fulham,34,32.2,1,3,2,66.7,0.09,0.06,0.33,0.50,0,0,0.3,0.3,0.09,+0.7,+0.7
425,Nathan Redmond,eng ENG,DF,Southampton,28,0.0,0,0,0,,0.00,0.00,,,0,0,0.0,0.0,,0.0,0.0
426,Harrison Reed,eng ENG,MF,Fulham,27,31.8,3,20,7,35.0,0.63,0.22,0.15,0.43,0,0,1.9,1.9,0.09,+1.1,+1.1
427,Bobby Reid,jm JAM,"FW,DF",Fulham,29,27.5,4,31,10,32.3,1.13,0.36,0.13,0.40,0,0,3.9,3.9,0.13,+0.1,+0.1
428,Declan Rice,eng ENG,MF,West Ham,23,36.4,4,35,8,22.9,0.96,0.22,0.11,0.50,0,1,2.4,1.6,0.05,+1.6,+2.4
429,Chris Richards,us USA,DF,Crystal Palace,22,5.0,0,4,0,0.0,0.81,0.00,0.00,,0,0,0.7,0.7,0.18,-0.7,-0.7
430,Richarlison,br BRA,"MF,FW",Tottenham,25,11.2,1,27,14,51.9,2.41,1.25,0.04,0.07,0,0,3.3,3.3,0.12,-2.3,-2.3
431,Jaïro Riedewald,nl NED,"DF,MF",Crystal Palace,25,0.7,0,1,0,0.0,1.41,0.00,0.00,,0,0,0.1,0.1,0.07,-0.1,-0.1
432,Matt Ritchie,sct SCO,"FW,MF",Newcastle Utd,32,0.4,0,0,0,,0.00,0.00,,,0,0,0.0,0.0,,0.0,0.0
433,Andrew Robertson,sct SCO,DF,Liverpool,28,28.7,0,13,2,15.4,0.45,0.07,0.00,0.00,0,0,1.3,1.3,0.11,-1.3,-1.3
434,Antonee Robinson,us USA,DF,Fulham,24,34.3,0,3,0,0.0,0.09,0.00,0.00,,0,0,0.1,0.1,0.03,-0.1,-0.1
435,Joel Robles,es ESP,GK,Leeds United,32,4.0,0,0,0,,0.00,0.00,,,0,0,0.0,0.0,,0.0,0.0
436,Marc Roca,es ESP,MF,Leeds United,25,25.7,1,35,13,37.1,1.36,0.51,0.03,0.08,0,0,2.1,2.1,0.06,-1.1,-1.1
437,Marek Rodák,sk SVK,GK,Fulham,25,2.0,0,0,0,,0.00,0.00,,,0,0,0.0,0.0,,0.0,0.0
438,Rodri,es ESP,MF,Manchester City,26,32.3,2,50,14,28.0,1.55,0.43,0.04,0.14,0,0,4.6,4.6,0.09,-2.6,-2.6
439,Rodrigo,es ESP,"FW,MF",Leeds United,31,21.5,13,66,25,37.9,3.07,1.16,0.18,0.48,1,1,8.1,7.3,0.11,+4.9,+4.7
440,Mads Roerslev,dk DEN,DF,Brentford,23,12.3,0,3,0,0.0,0.24,0.00,0.00,,0,0,0.3,0.3,0.11,-0.3,-0.3
441,Cristian Romero,ar ARG,DF,Tottenham,24,26.3,0,11,2,18.2,0.42,0.08,0.00,0.00,0,0,1.5,1.5,0.13,-1.5,-1.5
442,Oriol Romeu,es ESP,MF,Southampton,30,0.8,0,0,0,,0.00,0.00,,,0,0,0.0,0.0,,0.0,0.0
443,Cristiano Ronaldo,pt POR,FW,Manchester Utd,37,5.8,1,25,6,24.0,4.29,1.03,0.04,0.17,0,0,1.9,1.9,0.08,-0.9,-0.9
444,Connor Ronan,ie IRL,MF,Wolves,24,0.0,0,0,0,,0.00,0.00,,,0,0,0.0,0.0,,0.0,0.0
445,Salomón Rondón,ve VEN,FW,Everton,32,1.2,0,4,1,25.0,3.30,0.83,0.00,0.00,0,0,0.8,0.8,0.20,-0.8,-0.8
446,Joe Rothwell,eng ENG,MF,Bournemouth,27,11.3,0,3,2,66.7,0.27,0.18,0.00,0.00,0,0,0.2,0.2,0.05,-0.2,-0.2
447,Georginio Rutter,fr FRA,"FW,MF",Leeds United,20,3.0,0,4,0,0.0,1.32,0.00,0.00,,0,0,0.4,0.4,0.10,-0.4,-0.4
448,José Sá,pt POR,GK,Wolves,29,36.0,0,0,0,,0.00,0.00,,,0,0,0.0,0.0,,0.0,0.0
449,Marcel Sabitzer,at AUT,MF,Manchester Utd,28,7.0,0,11,3,27.3,1.58,0.43,0.00,0.00,0,0,0.7,0.7,0.07,-0.7,-0.7
450,Allan Saint-Maximin,fr FRA,FW,Newcastle Utd,25,12.4,1,28,11,39.3,2.25,0.88,0.04,0.09,0,0,1.6,1.6,0.06,-0.6,-0.6
451,Bukayo Saka,eng ENG,FW,Arsenal,20,35.3,14,86,29,33.7,2.43,0.82,0.14,0.41,2,3,11.2,9.1,0.11,+2.8,+2.9
452,Mohamed Salah,eg EGY,FW,Liverpool,30,36.6,19,121,45,37.2,3.31,1.23,0.14,0.38,2,4,21.7,18.5,0.15,-2.7,-1.5
453,William Saliba,fr FRA,DF,Arsenal,21,26.8,2,6,3,50.0,0.22,0.11,0.33,0.67,0,0,0.9,0.9,0.15,+1.1,+1.1
454,Mohammed Salisu,gh GHA,DF,Southampton,23,21.9,0,19,4,21.1,0.87,0.18,0.00,0.00,0,0,1.5,1.5,0.08,-1.5,-1.5
455,Albert Sambi Lokonga,be BEL,MF,Arsenal,22,2.2,0,0,0,,0.00,0.00,,,0,0,0.0,0.0,,0.0,0.0
456,Albert Sambi Lokonga,be BEL,MF,Crystal Palace,22,6.0,0,2,1,50.0,0.34,0.17,0.00,0.00,0,0,0.2,0.2,0.08,-0.2,-0.2
457,Davinson Sánchez,co COL,DF,Tottenham,26,9.5,0,6,2,33.3,0.63,0.21,0.00,0.00,0,0,0.6,0.6,0.11,-0.6,-0.6
458,Robert Sánchez,es ESP,GK,Brighton,24,23.0,0,0,0,,0.00,0.00,,,0,0,0.0,0.0,,0.0,0.0
459,Jadon Sancho,eng ENG,"FW,MF",Manchester Utd,22,18.7,6,21,9,42.9,1.12,0.48,0.29,0.67,0,0,4.2,4.2,0.20,+1.8,+1.8
460,Morgan Sanson,fr FRA,MF,Aston Villa,27,0.1,0,0,0,,0.00,0.00,,,0,0,0.0,0.0,,0.0,0.0
461,Pablo Sarabia,es ESP,"FW,MF",Wolves,30,8.5,1,20,5,25.0,2.35,0.59,0.05,0.20,0,0,3.1,3.1,0.15,-2.1,-2.1
462,Jeremy Sarmiento,ec ECU,MF,Brighton,20,2.0,0,5,2,40.0,2.56,1.02,0.00,0.00,0,0,0.3,0.3,0.07,-0.3,-0.3
463,Gianluca Scamacca,it ITA,FW,West Ham,23,10.3,3,30,10,33.3,2.92,0.97,0.10,0.30,0,0,2.5,2.5,0.08,+0.5,+0.5
464,Gustavo Scarpa,br BRA,"MF,FW",Nott'ham Forest,28,2.0,0,7,1,14.3,3.48,0.50,0.00,0.00,0,0,0.3,0.3,0.04,-0.3,-0.3
465,Kevin Schade,de GER,FW,Brentford,20,8.1,0,12,4,33.3,1.48,0.49,0.00,0.00,0,0,2.1,2.1,0.18,-2.1,-2.1
466,Fabian Schär,ch SUI,DF,Newcastle Utd,30,35.6,1,56,14,25.0,1.57,0.39,0.02,0.07,0,0,4.9,4.9,0.09,-3.9,-3.9
467,Jeffrey Schlupp,gh GHA,"MF,FW",Crystal Palace,29,28.1,3,28,9,32.1,1.00,0.32,0.11,0.33,0,0,3.2,3.2,0.12,-0.2,-0.2
468,Nélson Semedo,pt POR,DF,Wolves,28,29.2,0,9,0,0.0,0.31,0.00,0.00,,0,0,0.4,0.4,0.05,-0.4,-0.4
469,Antoine Semenyo,gh GHA,"FW,MF",Bournemouth,22,2.9,1,3,1,33.3,1.05,0.35,0.33,1.00,0,0,0.3,0.3,0.09,+0.7,+0.7
470,Marcos Senesi,ar ARG,DF,Bournemouth,25,27.7,2,8,2,25.0,0.29,0.07,0.25,1.00,0,0,1.6,1.6,0.20,+0.4,+0.4
471,Ryan Sessegnon,eng ENG,DF,Tottenham,22,9.0,2,18,6,33.3,1.99,0.66,0.11,0.33,0,0,1.6,1.6,0.09,+0.4,+0.4
472,Luke Shaw,eng ENG,DF,Manchester Utd,27,28.4,1,14,4,28.6,0.49,0.14,0.07,0.25,0,0,1.1,1.1,0.08,-0.1,-0.1
473,Jonjo Shelvey,eng ENG,MF,Newcastle Utd,30,0.4,0,0,0,,0.00,0.00,,,0,0,0.0,0.0,,0.0,0.0
474,Jonjo Shelvey,eng ENG,MF,Nott'ham Forest,30,6.0,0,6,0,0.0,1.00,0.00,0.00,,0,0,0.2,0.2,0.03,-0.2,-0.2
475,Bernardo Silva,pt POR,"MF,FW",Manchester City,27,24.5,4,25,9,36.0,1.02,0.37,0.16,0.44,0,0,2.2,2.2,0.09,+1.8,+1.8
476,Thiago Silva,br BRA,DF,Chelsea,37,26.1,0,15,2,13.3,0.57,0.08,0.00,0.00,0,0,1.5,1.5,0.10,-1.5,-1.5
477,Ellis Simms,eng ENG,FW,Everton,21,2.5,1,8,1,12.5,3.16,0.39,0.13,1.00,0,0,0.9,0.9,0.11,+0.1,+0.1
478,Luis Sinisterra,co COL,FW,Leeds United,23,9.6,5,28,11,39.3,2.91,1.14,0.18,0.45,0,0,3.7,3.7,0.13,+1.3,+1.3
479,Oliver Skipp,eng ENG,MF,Tottenham,21,16.6,1,7,3,42.9,0.42,0.18,0.14,0.33,0,0,0.3,0.3,0.04,+0.7,+0.7
480,Adam Smith,eng ENG,DF,Bournemouth,31,32.7,0,5,1,20.0,0.15,0.03,0.00,0.00,0,0,0.5,0.5,0.10,-0.5,-0.5
481,Emile Smith Rowe,eng ENG,"MF,FW",Arsenal,22,1.9,0,4,1,25.0,2.09,0.52,0.00,0.00,0,0,0.3,0.3,0.07,-0.3,-0.3
482,Cédric Soares,pt POR,DF,Arsenal,30,0.3,0,0,0,,0.00,0.00,,,0,0,0.0,0.0,,0.0,0.0
483,Cédric Soares,pt POR,DF,Fulham,30,2.2,0,2,0,0.0,0.91,0.00,0.00,,0,0,0.1,0.1,0.03,-0.1,-0.1
484,Dominic Solanke,eng ENG,"FW,MF",Bournemouth,24,31.8,6,76,28,36.8,2.39,0.88,0.08,0.21,0,0,9.1,9.1,0.12,-3.1,-3.1
485,Manor Solomon,il ISR,FW,Fulham,23,6.4,4,11,7,63.6,1.73,1.10,0.36,0.57,0,0,1.2,1.2,0.11,+2.8,+2.8
486,Tomáš Souček,cz CZE,MF,West Ham,27,31.3,2,34,13,38.2,1.09,0.42,0.06,0.15,0,0,4.0,4.0,0.12,-2.0,-2.0
487,Boubakary Soumaré,fr FRA,MF,Leicester City,23,18.1,0,1,0,0.0,0.06,0.00,0.00,,0,0,0.0,0.0,0.03,0.0,0.0
488,Harry Souttar,au AUS,DF,Leicester City,23,11.0,0,8,1,12.5,0.73,0.09,0.00,0.00,0,0,1.4,1.4,0.18,-1.4,-1.4
489,Çağlar Söyüncü,tr TUR,DF,Leicester City,26,5.9,1,5,2,40.0,0.85,0.34,0.20,0.50,0,0,0.4,0.4,0.08,+0.6,+0.6
490,Djed Spence,eng ENG,"FW,DF",Tottenham,21,0.1,0,1,0,0.0,12.86,0.00,0.00,,0,0,0.1,0.1,0.06,-0.1,-0.1
491,Jack Stacey,eng ENG,DF,Bournemouth,26,3.3,0,1,0,0.0,0.30,0.00,0.00,,0,0,0.1,0.1,0.09,-0.1,-0.1
492,Junior Stanislas,eng ENG,MF,Bournemouth,32,0.7,0,1,0,0.0,1.48,0.00,0.00,,0,0,0.0,0.0,0.04,0.0,0.0
493,Jay Stansfield,eng ENG,FW,Fulham,19,1.0,0,2,0,0.0,2.07,0.00,0.00,,0,0,0.3,0.3,0.13,-0.3,-0.3
494,Jason Steele,eng ENG,GK,Brighton,31,15.0,0,0,0,,0.00,0.00,,,0,0,0.0,0.0,,0.0,0.0
495,Jack Stephens,eng ENG,DF,Southampton,28,0.5,0,0,0,,0.00,0.00,,,0,0,0.0,0.0,,0.0,0.0
496,Jack Stephens,eng ENG,DF,Bournemouth,28,13.0,0,2,1,50.0,0.15,0.08,0.00,0.00,0,0,0.4,0.4,0.20,-0.4,-0.4
497,Raheem Sterling,eng ENG,"FW,MF",Chelsea,27,21.0,6,42,16,38.1,2.00,0.76,0.14,0.38,0,0,6.2,6.2,0.15,-0.2,-0.2
498,John Stones,eng ENG,"DF,MF",Manchester City,28,20.5,2,11,3,27.3,0.54,0.15,0.18,0.67,0,0,1.0,1.0,0.10,+1.0,+1.0
499,Pascal Struijk,nl NED,DF,Leeds United,22,24.4,2,16,7,43.8,0.65,0.29,0.13,0.29,0,0,1.4,1.4,0.09,+0.6,+0.6
500,Kamaldeen Sulemana,gh GHA,"FW,MF",Southampton,20,10.7,2,24,7,29.2,2.24,0.65,0.08,0.29,0,0,1.7,1.7,0.07,+0.3,+0.3
501,Crysencio Summerville,nl NED,FW,Leeds United,20,15.8,4,29,9,31.0,1.83,0.57,0.14,0.44,0,0,2.9,2.9,0.10,+1.1,+1.1
502,Sam Surridge,eng ENG,FW,Nott'ham Forest,24,3.6,1,9,2,22.2,2.51,0.56,0.11,0.50,0,0,1.8,1.8,0.20,-0.8,-0.8
503,Japhet Tanganga,eng ENG,DF,Tottenham,23,1.6,0,0,0,,0.00,0.00,,,0,0,0.0,0.0,,0.0,0.0
504,Matt Targett,eng ENG,DF,Newcastle Utd,26,6.8,0,1,0,0.0,0.15,0.00,0.00,,0,0,0.0,0.0,0.01,0.0,0.0
505,James Tarkowski,eng ENG,DF,Everton,29,38.0,1,32,9,28.1,0.84,0.24,0.03,0.11,0,0,3.1,3.1,0.10,-2.1,-2.1
506,Marcus Tavernier,eng ENG,"MF,FW",Bournemouth,23,19.4,5,37,14,37.8,1.91,0.72,0.14,0.36,0,0,3.1,3.1,0.09,+1.9,+1.9
507,Tetê,br BRA,FW,Leicester City,22,8.2,1,15,1,6.7,1.84,0.12,0.07,1.00,0,0,1.8,1.8,0.12,-0.8,-0.8
508,Kenny Tete,nl NED,DF,Fulham,26,28.5,1,13,5,38.5,0.46,0.18,0.08,0.20,0,0,0.7,0.7,0.05,+0.3,+0.3
509,Luke Thomas,eng ENG,DF,Leicester City,21,11.9,0,3,0,0.0,0.25,0.00,0.00,,0,0,0.1,0.1,0.03,-0.1,-0.1
510,Youri Tielemans,be BEL,MF,Leicester City,25,26.0,3,29,8,27.6,1.11,0.31,0.07,0.25,1,2,2.5,0.9,0.03,+0.5,+1.1
511,Kieran Tierney,sct SCO,DF,Arsenal,25,8.8,0,7,2,28.6,0.79,0.23,0.00,0.00,0,0,0.3,0.3,0.05,-0.3,-0.3
512,Harry Toffolo,eng ENG,DF,Nott'ham Forest,26,10.4,0,6,2,33.3,0.57,0.19,0.00,0.00,0,0,0.3,0.3,0.05,-0.3,-0.3
513,Takehiro Tomiyasu,jp JPN,DF,Arsenal,23,7.4,0,3,0,0.0,0.41,0.00,0.00,,0,0,0.2,0.2,0.07,-0.2,-0.2
514,James Tomkins,eng ENG,DF,Crystal Palace,33,3.8,1,3,2,66.7,0.80,0.53,0.33,0.50,0,0,1.0,1.0,0.34,0.0,0.0
515,Ivan Toney,eng ENG,FW,Brentford,26,32.8,20,87,33,37.9,2.65,1.01,0.16,0.42,6,7,18.7,13.2,0.15,+1.3,+0.8
516,Adama Traoré,es ESP,"FW,MF",Wolves,26,16.6,2,19,7,36.8,1.14,0.42,0.11,0.29,0,0,1.4,1.4,0.07,+0.6,+0.6
517,Bertrand Traoré,bf BFA,"FW,MF",Aston Villa,26,2.6,2,9,3,33.3,3.48,1.16,0.22,0.67,0,0,0.7,0.7,0.08,+1.3,+1.3
518,Boubacar Traoré,ml MLI,MF,Wolves,20,4.6,0,3,0,0.0,0.66,0.00,0.00,,0,0,0.1,0.1,0.02,-0.1,-0.1
519,Mark Travers,ie IRL,GK,Bournemouth,23,11.5,0,0,0,,0.00,0.00,,,0,0,0.0,0.0,,0.0,0.0
520,Kieran Trippier,eng ENG,DF,Newcastle Utd,31,37.1,1,14,4,28.6,0.38,0.11,0.07,0.25,0,0,0.9,0.9,0.06,+0.1,+0.1
521,Leandro Trossard,be BEL,FW,Arsenal,27,10.3,1,17,5,29.4,1.64,0.48,0.06,0.20,0,0,1.8,1.8,0.11,-0.8,-0.8
522,Leandro Trossard,be BEL,"FW,MF",Brighton,27,14.6,7,38,17,44.7,2.60,1.16,0.18,0.41,0,0,4.4,4.4,0.12,+2.6,+2.6
523,Kostas Tsimikas,gr GRE,DF,Liverpool,26,8.6,0,7,2,28.6,0.82,0.23,0.00,0.00,0,0,0.6,0.6,0.09,-0.6,-0.6
524,Deniz Undav,de GER,"FW,MF",Brighton,26,7.0,5,27,12,44.4,3.87,1.72,0.19,0.42,0,0,4.5,4.5,0.18,+0.5,+0.5
525,Yan Valery,tn TUN,DF,Southampton,23,0.5,0,0,0,,0.00,0.00,,,0,0,0.0,0.0,,0.0,0.0
526,Virgil van Dijk,nl NED,DF,Liverpool,31,31.5,3,30,9,30.0,0.95,0.29,0.10,0.33,0,0,2.6,2.6,0.09,+0.4,+0.4
527,Raphaël Varane,fr FRA,DF,Manchester Utd,29,21.2,0,8,4,50.0,0.38,0.19,0.00,0.00,0,0,0.7,0.7,0.09,-0.7,-0.7
528,Jamie Vardy,eng ENG,FW,Leicester City,35,20.6,3,27,13,48.1,1.31,0.63,0.11,0.23,0,1,6.7,5.9,0.22,-3.7,-2.9
529,Joël Veltman,nl NED,DF,Brighton,30,24.3,1,15,5,33.3,0.62,0.21,0.07,0.20,0,0,1.8,1.8,0.12,-0.8,-0.8
530,Fabio Vieira,pt POR,"MF,FW",Arsenal,22,5.7,1,15,2,13.3,2.63,0.35,0.07,0.50,0,0,0.8,0.8,0.06,+0.2,+0.2
531,Matías Viña,uy URU,DF,Bournemouth,24,5.1,2,9,6,66.7,1.77,1.18,0.22,0.33,0,0,0.9,0.9,0.10,+1.1,+1.1
532,Rúben Vinagre,pt POR,"DF,MF",Everton,23,0.3,0,0,0,,0.00,0.00,,,0,0,0.0,0.0,,0.0,0.0
533,Carlos Vinícius,br BRA,FW,Fulham,27,12.3,5,21,12,57.1,1.70,0.97,0.24,0.42,0,0,3.3,3.3,0.16,+1.7,+1.7
534,Theo Walcott,eng ENG,"FW,MF",Southampton,33,12.5,2,20,7,35.0,1.59,0.56,0.10,0.29,0,0,2.2,2.2,0.11,-0.2,-0.2
535,Kyle Walker,eng ENG,DF,Manchester City,32,21.8,0,5,1,20.0,0.23,0.05,0.00,0.00,0,0,0.4,0.4,0.08,-0.4,-0.4
536,Kyle Walker-Peters,eng ENG,DF,Southampton,25,29.4,1,13,5,38.5,0.44,0.17,0.08,0.20,0,0,1.0,1.0,0.08,0.0,0.0
537,Aaron Wan-Bissaka,eng ENG,DF,Manchester Utd,24,15.9,0,10,2,20.0,0.63,0.13,0.00,0.00,0,0,1.2,1.2,0.12,-1.2,-1.2
538,Danny Ward,wls WAL,GK,Leicester City,29,26.0,0,0,0,,0.00,0.00,,,0,0,0.0,0.0,,0.0,0.0
539,Joel Ward,eng ENG,DF,Crystal Palace,32,25.1,1,8,2,25.0,0.32,0.08,0.13,0.50,0,0,1.1,1.1,0.19,-0.1,-0.1
540,James Ward-Prowse,eng ENG,MF,Southampton,27,37.5,9,40,16,40.0,1.07,0.43,0.18,0.44,2,4,5.7,2.5,0.06,+3.3,+4.5
541,Ollie Watkins,eng ENG,FW,Aston Villa,26,34.7,15,84,45,53.6,2.42,1.30,0.17,0.31,1,2,16.5,14.9,0.18,-1.5,-0.9
542,Adam Webster,eng ENG,DF,Brighton,27,22.1,0,18,2,11.1,0.82,0.09,0.00,0.00,0,0,1.8,1.8,0.10,-1.8,-1.8
543,Wout Weghorst,nl NED,"FW,MF",Manchester Utd,29,8.9,0,14,5,35.7,1.58,0.56,0.00,0.00,0,0,2.0,2.0,0.14,-2.0,-2.0
544,Danny Welbeck,eng ENG,FW,Brighton,31,20.6,6,62,22,35.5,3.01,1.07,0.10,0.27,0,0,9.4,9.4,0.15,-3.4,-3.4
545,Ben White,eng ENG,DF,Arsenal,24,33.9,2,10,2,20.0,0.29,0.06,0.20,1.00,0,0,1.3,1.3,0.13,+0.7,+0.7
546,Harvey White,eng ENG,MF,Tottenham,20,0.1,0,0,0,,0.00,0.00,,,0,0,0.0,0.0,,0.0,0.0
547,Joseph Whitworth,eng ENG,GK,Crystal Palace,18,2.0,0,0,0,,0.00,0.00,,,0,0,0.0,0.0,,0.0,0.0
548,Neco Williams,wls WAL,DF,Nott'ham Forest,21,20.9,1,25,7,28.0,1.20,0.33,0.04,0.14,0,0,1.3,1.3,0.05,-0.3,-0.3
549,Willian,br BRA,FW,Fulham,33,23.6,5,41,17,41.5,1.74,0.72,0.12,0.29,0,0,3.4,3.4,0.08,+1.6,+1.6
550,Joe Willock,eng ENG,MF,Newcastle Utd,22,28.4,3,58,16,27.6,2.04,0.56,0.05,0.19,0,0,7.0,7.0,0.12,-4.0,-4.0
551,Callum Wilson,eng ENG,FW,Newcastle Utd,30,20.9,18,70,31,44.3,3.36,1.49,0.21,0.48,3,3,17.5,15.1,0.22,+0.5,-0.1
552,Harry Wilson,wls WAL,FW,Fulham,25,12.2,2,18,4,22.2,1.47,0.33,0.11,0.50,0,0,2.0,2.0,0.11,0.0,0.0
553,Yoane Wissa,cd COD,FW,Brentford,25,17.8,7,32,15,46.9,1.79,0.84,0.22,0.47,0,0,5.6,5.6,0.18,+1.4,+1.4
554,Maximilian Wöber,at AUT,DF,Leeds United,24,14.1,0,9,2,22.2,0.64,0.14,0.00,0.00,0,0,0.7,0.7,0.08,-0.7,-0.7
555,Chris Wood,nz NZL,FW,Newcastle Utd,30,5.0,2,8,3,37.5,1.61,0.61,0.13,0.33,1,1,1.8,1.0,0.13,+0.2,0.0
556,Chris Wood,nz NZL,FW,Nott'ham Forest,30,4.1,1,3,1,33.3,0.73,0.24,0.33,1.00,0,0,1.0,1.0,0.32,0.0,0.0
557,Joe Worrall,eng ENG,DF,Nott'ham Forest,25,24.7,1,7,2,28.6,0.28,0.08,0.14,0.50,0,0,0.8,0.8,0.11,+0.2,+0.2
558,Granit Xhaka,ch SUI,MF,Arsenal,29,33.3,7,40,14,35.0,1.20,0.42,0.18,0.50,0,0,4.7,4.7,0.12,+2.3,+2.3
559,Ryan Yates,eng ENG,MF,Nott'ham Forest,24,20.4,0,26,5,19.2,1.27,0.24,0.00,0.00,0,0,2.3,2.3,0.09,-2.3,-2.3
560,Ashley Young,eng ENG,DF,Aston Villa,37,22.6,1,15,3,20.0,0.66,0.13,0.07,0.33,0,0,0.5,0.5,0.03,+0.5,+0.5
561,Illia Zabarnyi,ua UKR,DF,Bournemouth,19,3.3,0,0,0,,0.00,0.00,,,0,0,0.0,0.0,,0.0,0.0
562,Wilfried Zaha,ci CIV,"FW,MF",Crystal Palace,29,25.4,7,64,21,32.8,2.52,0.83,0.11,0.33,0,2,6.5,4.8,0.08,+0.5,+2.2
563,Denis Zakaria,ch SUI,MF,Chelsea,25,4.6,0,2,0,0.0,0.44,0.00,0.00,,0,0,0.2,0.2,0.09,-0.2,-0.2
564,Jordan Zemura,zw ZIM,DF,Bournemouth,22,16.2,0,4,0,0.0,0.25,0.00,0.00,,0,0,0.4,0.4,0.10,-0.4,-0.4
565,Oleksandr Zinchenko,ua UKR,DF,Arsenal,25,23.5,1,28,7,25.0,1.19,0.30,0.04,0.14,0,0,1.4,1.4,0.05,-0.4,-0.4
566,Hakim Ziyech,ma MAR,"FW,MF",Chelsea,29,7.3,0,16,3,18.8,2.18,0.41,0.00,0.00,0,0,0.6,0.6,0.04,-0.6,-0.6
567,Kurt Zouma,fr FRA,DF,West Ham,27,22.1,2,19,5,26.3,0.86,0.23,0.11,0.40,0,0,2.2,2.2,0.12,-0.2,-0.2
568,Martin Ødegaard,no NOR,MF,Arsenal,23,34.7,15,93,31,33.3,2.68,0.89,0.16,0.48,0,0,10.0,10.0,0.11,+5.0,+5.0
