,Player,Nation,Pos,Squad,Age,90s_played,TotalComp_Passes,TotalAtt_Pass,TotalPas_Rate,ShortPasses_Comp,ShortPasses_Att,MedPasses_Comp,MedPasses_Att,LongPasses_Comp,LongPasses_Att,Assist,xAG,xA,Ast-xAG,KeyPas,PassinF3rd,PassinPen,CrossPasinPen,ProgPass
0,Brenden Aaronson,us USA,"MF,FW",Leeds United,21,26.4,592,797,74.3,346,423,150,195,25,65,3,4.2,2.6,-1.2,46,47,16,4,86
1,George Abbott,eng ENG,MF,Tottenham,16,0.0,1,1,100.0,1,1,0,0,0,0,0,0.0,0.0,0.0,0,0,0,0,0
2,Che Adams,sct SCO,FW,Southampton,26,22.1,330,498,66.3,205,278,78,118,26,37,3,2.8,2.2,+0.2,24,21,11,2,34
3,Tyler Adams,us USA,MF,Leeds United,23,24.0,1108,1343,82.5,607,686,390,460,63,107,0,1.4,1.0,-1.4,24,110,13,0,136
4,Tosin Adarabioyo,eng ENG,DF,Fulham,24,23.2,1066,1300,82.0,265,307,653,735,136,223,0,0.4,0.5,-0.4,6,96,7,0,95
5,Nayef Aguerd,ma MAR,DF,West Ham,26,17.7,599,763,78.5,224,244,287,335,82,169,0,0.5,0.3,-0.5,6,37,4,0,25
6,Naouirou Ahamada,fr FRA,"MF,FW",Crystal Palace,20,1.0,37,46,80.4,19,23,15,17,1,3,0,0.1,0.0,-0.1,1,3,0,0,2
7,Rayan Aït Nouri,dz ALG,DF,Wolves,21,12.0,470,578,81.3,268,300,169,205,20,32,0,1.0,0.9,-1.0,7,29,14,5,43
8,Kristoffer Ajer,no NOR,DF,Brentford,24,8.5,259,345,75.1,131,159,102,128,23,40,0,0.0,0.1,0.0,1,20,3,1,31
9,Manuel Akanji,ch SUI,DF,Manchester City,27,25.4,1912,2056,93.0,867,902,903,945,117,166,1,0.4,1.0,+0.6,7,140,3,1,116
10,Nathan Aké,nl NED,DF,Manchester City,27,20.8,1639,1813,90.4,803,846,745,809,63,98,0,0.7,1.3,-0.7,9,165,9,1,140
11,Marc Albrighton,eng ENG,"FW,MF",Leicester City,32,2.6,89,148,60.1,48,60,23,34,12,34,0,0.9,0.4,-0.9,6,6,5,2,7
12,Thiago Alcántara,es ESP,MF,Liverpool,31,13.9,946,1097,86.2,433,466,346,392,136,172,0,1.1,1.3,-1.1,17,110,20,1,120
13,Carlos Alcaraz,ar ARG,"MF,FW",Southampton,19,11.4,222,290,76.6,114,137,80,95,8,19,2,0.7,0.7,+1.3,5,20,6,0,28
14,Trent Alexander-Arnold,eng ENG,DF,Liverpool,23,32.5,2188,2912,75.1,1000,1123,822,1045,331,642,9,11.5,9.1,-2.5,71,239,82,28,235
15,Alisson,br BRA,GK,Liverpool,29,37.0,1241,1453,85.4,307,309,657,666,273,469,1,0.3,0.0,+0.7,1,16,0,0,3
16,Dele Alli,eng ENG,MF,Everton,26,0.4,12,15,80.0,6,8,4,5,0,0,0,0.0,0.0,0.0,0,2,0,0,1
17,Miguel Almirón,py PAR,FW,Newcastle Utd,28,27.7,811,982,82.6,513,567,223,276,29,40,2,3.2,3.0,-1.2,26,45,36,4,124
18,Julián Álvarez,ar ARG,"FW,MF",Manchester City,22,16.3,395,503,78.5,232,270,103,135,28,43,0,1.8,1.6,-1.8,18,22,13,2,37
19,Daniel Amartey,gh GHA,DF,Leicester City,27,17.9,1015,1114,91.1,442,473,498,526,62,91,0,0.5,0.4,-0.5,5,58,1,0,66
20,Samuel Amo-Ameyaw,eng ENG,MF,Southampton,16,0.0,5,6,83.3,0,1,3,3,0,0,0,0.0,0.0,0.0,1,2,0,0,1
21,Joachim Andersen,dk DEN,DF,Crystal Palace,26,30.9,1561,1972,79.2,346,391,927,1007,281,534,0,1.3,1.0,-1.3,12,153,8,1,105
22,Elliot Anderson,sct SCO,"MF,FW",Newcastle Utd,19,4.6,150,198,75.8,90,104,44,56,5,10,1,1.3,1.5,-0.3,9,15,4,0,24
23,Jaidon Anthony,eng ENG,"MF,FW",Bournemouth,22,14.0,387,526,73.6,225,257,110,150,31,63,1,1.0,1.1,0.0,12,24,19,7,49
24,Michail Antonio,jm JAM,FW,West Ham,32,20.3,186,348,53.4,114,168,55,108,12,31,3,1.3,0.8,+1.7,15,12,8,2,27
25,Antony,br BRA,FW,Manchester Utd,22,20.0,651,819,79.5,439,495,146,197,31,51,2,2.9,2.4,-0.9,28,29,33,2,74
26,Cameron Archer,eng ENG,"FW,MF",Aston Villa,21,0.5,8,12,66.7,5,5,3,5,0,0,0,0.0,0.0,0.0,0,2,0,0,0
27,Alphonse Areola,fr FRA,GK,West Ham,29,3.4,67,92,72.8,25,25,22,22,19,43,0,0.0,0.0,0.0,0,0,0,0,0
28,Joe Aribo,ng NGA,"MF,FW",Southampton,26,13.6,280,385,72.7,187,240,66,87,9,12,0,0.8,0.5,-0.8,9,20,9,0,39
29,Adam Armstrong,eng ENG,"FW,MF",Southampton,25,14.8,220,302,72.8,120,146,71,89,13,23,1,1.3,0.8,-0.3,11,13,10,2,16
30,Stuart Armstrong,sct SCO,"MF,FW",Southampton,30,15.6,531,676,78.6,296,341,189,226,29,55,1,2.2,2.8,-1.2,18,47,32,7,75
31,Kepa Arrizabalaga,es ESP,GK,Chelsea,27,28.5,871,1046,83.3,287,289,390,395,190,357,0,0.0,0.0,0.0,0,6,0,0,0
32,Pierre-Emerick Aubameyang,ga GAB,FW,Chelsea,33,6.2,82,111,73.9,56,70,22,26,2,4,0,0.4,0.2,-0.4,4,2,2,1,3
33,Ludwig Augustinsson,se SWE,DF,Aston Villa,28,0.9,26,43,60.5,13,16,10,16,2,8,0,0.0,0.0,0.0,0,0,0,0,0
34,Serge Aurier,ci CIV,DF,Nott'ham Forest,29,21.6,667,943,70.7,373,454,236,333,41,94,0,1.0,0.9,-1.0,10,44,13,6,71
35,Taiwo Awoniyi,ng NGA,FW,Nott'ham Forest,24,15.6,143,223,64.1,96,133,34,52,2,8,1,1.1,0.3,-0.1,10,6,2,0,12
36,Yasin Ayari,se SWE,MF,Brighton,18,0.7,20,23,87.0,10,12,6,6,4,4,0,0.1,0.3,-0.1,2,4,1,0,2
37,André Ayew,gh GHA,"FW,MF",Nott'ham Forest,32,3.5,53,73,72.6,38,46,13,21,0,1,0,0.0,0.0,0.0,1,3,1,0,11
38,Jordan Ayew,gh GHA,"FW,MF",Crystal Palace,30,30.2,676,875,77.3,434,495,192,246,15,40,3,3.2,2.6,-0.2,31,34,19,6,63
39,Luke Ayling,eng ENG,DF,Leeds United,30,22.8,786,1132,69.4,439,508,267,374,62,155,1,2.0,2.2,-1.0,12,61,18,10,77
40,César Azpilicueta,es ESP,DF,Chelsea,32,17.0,872,1065,81.9,501,538,337,414,21,74,0,1.1,1.3,-1.1,12,40,19,5,71
41,Benoît Badiashile,fr FRA,DF,Chelsea,21,10.1,769,860,89.4,284,315,419,448,58,83,0,0.5,0.2,-0.5,3,47,5,0,56
42,Leon Bailey,jm JAM,"FW,MF",Aston Villa,24,21.9,337,547,61.6,190,248,97,154,35,75,4,4.8,4.8,-0.8,30,19,21,15,28
43,Stefan Bajcetic,es ESP,MF,Liverpool,17,5.8,200,258,77.5,98,118,74,89,18,29,0,0.4,0.5,-0.4,4,17,7,1,24
44,Dominic Ballard,eng ENG,"FW,MF",Southampton,17,0.3,5,7,71.4,3,4,2,2,0,0,0,0.0,0.0,0.0,0,0,0,0,0
45,Patrick Bamford,eng ENG,FW,Leeds United,28,16.8,229,333,68.8,166,211,35,64,2,8,2,1.0,0.9,+1.0,12,18,9,0,23
46,Shandon Baptiste,gd GRN,MF,Brentford,24,6.9,247,295,83.7,127,142,92,104,21,32,1,1.1,0.5,-0.1,10,22,8,2,39
47,Harvey Barnes,eng ENG,"FW,MF",Leicester City,24,30.1,549,786,69.8,363,462,142,210,17,37,1,3.1,2.2,-2.1,19,39,31,5,79
48,Gavin Bazunu,ie IRL,GK,Southampton,20,32.0,718,1178,61.0,183,185,256,263,278,722,0,0.1,0.1,-0.1,1,42,1,0,1
49,Mads Bech Sørensen,dk DEN,"DF,MF",Brentford,23,0.2,7,11,63.6,3,3,3,4,1,4,0,0.0,0.0,0.0,0,2,0,0,1
50,Jan Bednarek,pl POL,DF,Southampton,26,18.6,753,902,83.5,293,337,380,417,72,124,0,0.1,0.2,-0.1,3,33,1,0,45
51,Jan Bednarek,pl POL,DF,Aston Villa,26,1.1,60,66,90.9,16,17,33,35,10,12,0,0.0,0.0,0.0,0,4,0,0,5
52,Donny van de Beek,nl NED,MF,Manchester Utd,25,1.9,46,61,75.4,31,34,8,8,1,2,0,0.1,0.1,-0.1,3,0,4,0,6
53,Asmir Begović,ba BIH,GK,Everton,35,1.0,21,30,70.0,3,3,10,10,8,17,0,0.0,0.0,0.0,0,0,0,0,0
54,Armel Bella Kotchap,de GER,DF,Southampton,20,20.9,749,937,79.9,290,325,384,424,67,159,2,1.0,0.5,+1.0,6,32,4,0,39
55,Saïd Benrahma,dz ALG,"FW,MF",West Ham,26,23.0,597,796,75.0,374,425,176,241,25,61,3,4.5,3.3,-1.5,48,32,23,12,82
56,Rodrigo Bentancur,uy URU,MF,Tottenham,25,16.7,738,880,83.9,368,413,301,336,39,70,2,0.8,0.7,+1.2,11,54,9,4,76
57,Daniel Bentley,eng ENG,GK,Wolves,29,2.0,61,80,76.3,12,12,34,34,15,34,0,0.0,0.0,0.0,0,0,0,0,0
58,Victor Bernth Kristiansen,dk DEN,DF,Leicester City,19,9.9,327,496,65.9,176,209,124,191,24,67,1,0.8,0.6,+0.2,7,29,4,3,31
59,Owen Bevan,wls WAL,DF,Bournemouth,18,0.1,2,3,66.7,1,1,1,1,0,0,0,0.0,0.0,0.0,0,0,0,0,0
60,Giulian Biancone,fr FRA,DF,Nott'ham Forest,22,0.2,15,21,71.4,6,7,8,10,1,3,0,0.0,0.0,0.0,0,0,0,0,0
61,Philip Billing,dk DEN,"MF,FW",Bournemouth,26,30.7,813,1055,77.1,460,542,257,317,45,94,1,3.2,2.6,-2.2,26,49,9,3,80
62,Yves Bissouma,ml MLI,MF,Tottenham,25,11.2,666,733,90.9,340,357,271,289,38,48,0,0.5,0.4,-0.5,8,55,5,1,62
63,Willy Boly,ci CIV,DF,Nott'ham Forest,31,7.6,194,258,75.2,63,77,107,126,20,47,1,0.2,0.3,+0.8,1,8,0,0,12
64,Sven Botman,nl NED,DF,Newcastle Utd,22,34.7,1527,1765,86.5,480,543,855,929,178,258,0,1.0,1.1,-1.0,9,59,4,1,87
65,Jarrod Bowen,eng ENG,"FW,MF",West Ham,25,35.9,552,881,62.7,312,385,170,225,52,164,5,7.4,6.0,-2.4,48,39,24,9,72
66,James Bree,eng ENG,DF,Southampton,24,4.1,133,178,74.7,75,92,43,56,8,16,0,0.2,0.2,-0.2,4,5,5,4,5
67,Armando Broja,al ALB,FW,Chelsea,20,3.3,33,53,62.3,21,33,9,15,2,3,0,0.1,0.1,-0.1,1,1,1,0,4
68,David Brooks,wls WAL,"FW,MF",Bournemouth,25,1.9,46,63,73.0,30,32,13,16,2,9,0,0.2,0.2,-0.2,2,4,1,0,11
69,Lewis Brunt,eng ENG,DF,Leicester City,21,0.3,17,21,81.0,7,8,10,11,0,1,0,0.0,0.0,0.0,0,0,0,0,0
70,Emi Buendía,ar ARG,"MF,FW",Aston Villa,25,26.8,787,1020,77.2,434,513,255,323,63,90,2,5.7,4.2,-3.7,41,84,41,0,138
71,Hugo Bueno,es ESP,DF,Wolves,19,14.6,547,679,80.6,340,369,174,214,19,54,1,1.3,1.0,-0.3,16,24,10,6,39
72,Facundo Buonanotte,ar ARG,"FW,MF",Brighton,17,6.3,157,194,80.9,101,114,36,46,17,21,1,0.5,0.4,+0.5,6,9,10,2,13
73,Dan Burn,eng ENG,DF,Newcastle Utd,30,34.6,1361,1715,79.4,673,765,566,682,94,183,0,1.3,1.3,-1.3,16,102,11,2,118
74,Cafú,pt POR,MF,Nott'ham Forest,29,0.1,2,2,100.0,0,0,2,2,0,0,0,0.0,0.0,0.0,0,1,0,0,1
75,Moisés Caicedo,ec ECU,MF,Brighton,20,34.9,1993,2251,88.5,1112,1202,683,755,126,159,1,2.7,2.5,-1.7,43,181,35,7,219
76,Tom Cairney,sct SCO,MF,Fulham,31,11.0,632,750,84.3,326,352,230,264,51,84,0,1.4,1.5,-1.4,12,70,19,5,92
77,Duje Ćaleta-Car,hr CRO,DF,Southampton,25,10.5,480,568,84.5,155,173,268,289,53,93,0,0.0,0.2,0.0,1,26,0,0,33
78,Dominic Calvert-Lewin,eng ENG,FW,Everton,25,12.9,131,221,59.3,83,125,29,54,5,8,1,0.8,0.8,+0.2,9,13,4,0,15
79,Chem Campbell,wls WAL,"FW,MF",Wolves,19,0.8,23,32,71.9,10,11,13,14,0,5,0,0.0,0.0,0.0,0,2,0,0,4
80,João Cancelo,pt POR,DF,Manchester City,28,14.2,1036,1220,84.9,578,621,363,430,81,123,1,0.9,1.5,+0.1,12,80,36,9,106
81,Thomas Cannon,ie IRL,FW,Everton,19,0.3,4,5,80.0,3,4,1,1,0,0,0,0.5,0.0,-0.5,1,0,0,0,0
82,Sergi Canós,es ESP,"FW,DF",Brentford,25,0.9,23,43,53.5,14,18,4,15,1,2,0,0.0,0.0,0.0,1,2,1,0,2
83,Diego Carlos,br BRA,DF,Aston Villa,29,2.3,112,142,78.9,35,41,60,71,17,28,0,0.0,0.1,0.0,1,9,1,0,11
84,Fabio Carvalho,pt POR,"MF,FW",Liverpool,19,3.9,117,143,81.8,72,84,30,37,5,6,0,0.1,0.3,-0.1,1,7,2,0,12
85,Casemiro,br BRA,MF,Manchester Utd,30,23.6,1114,1439,77.4,515,614,446,545,126,204,3,3.1,3.9,-0.1,28,136,23,4,152
86,Matty Cash,pl POL,DF,Aston Villa,24,20.2,777,1006,77.2,345,384,361,441,61,139,1,0.7,0.9,+0.3,8,57,15,9,75
87,Timothy Castagne,be BEL,DF,Leicester City,26,36.2,1470,1836,80.1,895,998,470,586,60,132,3,2.6,2.2,+0.4,22,89,20,10,106
88,Jonny Castro,es ESP,DF,Wolves,28,14.0,701,832,84.3,382,419,264,305,44,62,0,1.0,0.8,-1.0,5,60,10,2,70
89,Julio César Enciso,py PAR,"FW,MF",Brighton,18,9.0,179,258,69.4,126,167,45,66,3,8,2,1.7,1.4,+0.3,13,14,9,0,31
90,Nathaniel Chalobah,eng ENG,MF,Fulham,27,0.1,4,5,80.0,2,2,2,2,0,0,0,0.0,0.0,0.0,0,1,0,0,0
91,Trevoh Chalobah,eng ENG,DF,Chelsea,23,17.9,1051,1200,87.6,419,467,551,594,70,107,0,0.3,0.3,-0.3,4,64,3,1,71
92,Calum Chambers,eng ENG,"DF,MF",Aston Villa,27,3.9,157,207,75.8,66,76,77,94,14,31,0,0.3,0.2,-0.3,2,9,2,1,16
93,Shea Charles,nir NIR,DF,Manchester City,18,0.3,23,25,92.0,7,8,13,13,3,3,0,0.0,0.0,0.0,0,3,0,0,1
94,Ben Chilwell,eng ENG,"DF,MF",Chelsea,25,15.6,762,977,78.0,469,507,223,284,42,123,2,2.2,2.4,-0.2,21,42,10,7,41
95,Ryan Christie,sct SCO,"MF,FW",Bournemouth,27,20.4,521,651,80.0,279,327,175,196,47,81,1,2.4,2.0,-1.4,30,43,19,2,71
96,Carney Chukwuemeka,eng ENG,"MF,FW",Chelsea,18,3.9,179,203,88.2,126,140,33,37,8,8,0,0.6,0.6,-0.6,8,11,7,2,23
97,Bobby Clark,eng ENG,MF,Liverpool,17,0.1,1,1,100.0,0,0,1,1,0,0,0,0.0,0.1,0.0,0,0,1,0,1
98,Nathaniel Clyne,eng ENG,DF,Crystal Palace,31,18.2,654,832,78.6,341,386,283,346,24,73,0,0.7,0.6,-0.7,7,51,6,5,52
99,Conor Coady,eng ENG,DF,Everton,29,23.3,1025,1209,84.8,284,302,578,622,155,267,1,0.3,0.5,+0.7,4,73,3,1,43
100,Jack Colback,eng ENG,MF,Nott'ham Forest,32,5.5,119,143,83.2,61,71,48,55,8,11,0,0.2,0.2,-0.2,2,12,3,1,16
101,Séamus Coleman,ie IRL,DF,Everton,33,18.4,597,789,75.7,306,350,237,299,42,99,0,0.9,0.9,-0.9,4,35,18,7,61
102,Nathan Collins,ie IRL,DF,Wolves,21,20.2,1001,1138,88.0,304,332,566,610,114,168,0,0.1,0.2,-0.1,2,68,2,0,64
103,Levi Colwill,eng ENG,DF,Brighton,19,13.6,1027,1165,88.2,431,468,501,552,75,106,2,0.5,0.3,+1.5,7,78,3,0,70
104,Lewis Cook,eng ENG,MF,Bournemouth,25,19.1,593,751,79.0,291,330,238,274,48,93,2,2.5,2.3,-0.5,24,55,14,9,63
105,Steve Cook,eng ENG,DF,Nott'ham Forest,31,10.6,369,459,80.4,80,99,234,261,51,91,0,0.6,0.6,-0.6,3,18,2,1,19
106,Liam Cooper,sct SCO,DF,Leeds United,30,15.8,620,789,78.6,241,274,318,376,52,117,0,0.7,0.3,-0.7,5,49,1,1,47
107,Maxwel Cornet,ci CIV,FW,West Ham,25,2.7,72,97,74.2,47,54,19,27,2,2,0,0.1,0.1,-0.1,1,3,1,1,5
108,Diego Costa,es ESP,FW,Wolves,33,13.8,158,221,71.5,93,118,45,56,2,5,0,0.7,0.7,-0.7,11,9,4,0,13
109,Vladimír Coufal,cz CZE,DF,West Ham,29,23.7,730,1174,62.2,347,421,279,438,83,226,1,2.5,1.7,-1.5,26,68,19,14,82
110,Philippe Coutinho,br BRA,"MF,FW",Aston Villa,30,8.8,288,384,75.0,180,210,82,112,17,36,0,0.5,0.8,-0.5,8,30,8,2,48
111,Conor Coventry,ie IRL,"MF,FW",West Ham,22,0.0,0,0,,0,0,0,0,0,0,0,0.0,0.0,0.0,0,0,0,0,0
112,Matthew Craig,sct SCO,MF,Tottenham,19,0.2,5,6,83.3,4,4,1,2,0,0,0,0.0,0.0,0.0,0,0,0,0,0
113,Aaron Cresswell,eng ENG,DF,West Ham,32,24.8,1127,1448,77.8,626,670,387,497,100,206,1,3.7,2.9,-2.7,40,91,28,15,145
114,Marc Cucurella,es ESP,DF,Chelsea,24,18.6,1090,1293,84.3,600,647,396,453,59,110,2,0.6,0.9,+1.4,11,77,12,6,73
115,Matheus Cunha,br BRA,FW,Wolves,23,10.7,171,234,73.1,105,132,38,53,9,17,0,0.6,0.2,-0.6,7,5,3,0,14
116,Patson Daka,zm ZAM,FW,Leicester City,23,13.2,195,295,66.1,118,157,55,85,8,12,4,2.8,1.7,+1.2,17,7,8,1,17
117,Diogo Dalot,pt POR,DF,Manchester Utd,23,23.9,1141,1441,79.2,468,527,543,639,113,205,2,1.9,1.5,+0.1,29,82,28,13,92
118,Mikkel Damsgaard,dk DEN,"MF,FW",Brentford,22,11.0,275,407,67.6,156,193,92,132,16,44,0,1.4,1.3,-1.4,11,36,10,1,44
119,Danilo,br BRA,MF,Nott'ham Forest,21,10.8,148,235,63.0,77,97,53,73,16,34,2,0.7,0.6,+1.3,9,24,7,0,34
120,Arnaut Danjuma,nl NED,"FW,MF",Tottenham,25,1.9,39,56,69.6,29,35,8,10,2,2,0,0.0,0.1,0.0,1,5,2,2,2
121,Josh Dasilva,eng ENG,MF,Brentford,23,15.4,491,617,79.6,255,291,187,217,40,70,2,1.5,1.6,+0.5,12,35,24,5,62
122,David Datro Fofana,ci CIV,FW,Chelsea,19,0.8,7,9,77.8,4,5,2,2,1,1,0,0.1,0.1,-0.1,3,0,2,0,2
123,Ben Davies,wls WAL,DF,Tottenham,29,25.4,1040,1281,81.2,500,559,445,514,69,136,2,2.5,1.5,-0.5,20,79,9,6,107
124,Tom Davies,eng ENG,MF,Everton,24,6.0,173,234,73.9,87,111,64,76,16,29,0,0.2,0.3,-0.2,2,25,2,0,30
125,Craig Dawson,eng ENG,DF,West Ham,32,8.0,245,310,79.0,74,86,121,137,48,79,0,0.1,0.1,-0.1,1,25,0,0,18
126,Craig Dawson,eng ENG,DF,Wolves,32,15.7,780,926,84.2,231,257,419,455,122,193,0,0.0,0.2,0.0,1,51,3,0,44
127,Kevin De Bruyne,be BEL,MF,Manchester City,31,26.9,1192,1626,73.3,538,633,477,629,160,275,16,13.7,14.1,+2.3,96,124,96,21,246
128,Siriki Dembélé,ci CIV,"FW,MF",Bournemouth,25,1.2,37,47,78.7,22,29,10,13,2,2,0,0.3,0.2,-0.3,4,2,3,2,4
129,Leander Dendoncker,be BEL,MF,Aston Villa,27,7.7,248,284,87.3,119,128,111,121,11,18,0,0.5,0.1,-0.5,5,17,0,0,18
130,Leander Dendoncker,be BEL,MF,Wolves,27,2.4,86,99,86.9,45,50,32,32,8,8,0,0.0,0.0,0.0,2,4,1,1,6
131,Emmanuel Dennis,ng NGA,"FW,MF",Nott'ham Forest,24,8.0,124,183,67.8,72,93,40,58,8,11,2,0.6,0.4,+1.4,7,7,4,2,17
132,Halil Dervişoğlu,tr TUR,MF,Brentford,22,0.1,0,0,,0,0,0,0,0,0,0,0.0,0.0,0.0,0,0,0,0,0
133,Kiernan Dewsbury-Hall,eng ENG,MF,Leicester City,23,25.6,872,1154,75.6,448,526,311,389,84,161,2,3.3,2.6,-1.3,39,111,23,4,132
134,Ibrahima Diallo,fr FRA,MF,Southampton,23,9.1,317,402,78.9,181,206,112,139,16,34,0,0.1,0.1,-0.1,4,24,2,0,28
135,Rúben Dias,pt POR,DF,Manchester City,25,22.2,1928,2080,92.7,696,726,1074,1122,143,203,0,0.6,0.3,-0.6,3,135,0,0,98
136,Luis Díaz,co COL,FW,Liverpool,25,11.1,376,462,81.4,215,256,127,150,25,27,2,1.5,1.3,+0.5,13,25,13,1,49
137,Eric Dier,eng ENG,DF,Tottenham,28,31.3,1708,2001,85.4,636,688,866,934,179,317,1,1.2,0.6,-0.2,7,76,8,3,87
138,Lucas Digne,fr FRA,DF,Aston Villa,29,16.7,696,927,75.1,387,432,247,337,49,105,0,1.9,1.9,-1.9,18,40,23,14,57
139,Issa Diop,fr FRA,DF,Fulham,25,22.4,1216,1399,86.9,386,427,710,761,112,189,0,0.4,0.5,-0.4,2,69,4,0,70
140,Moussa Djenepo,ml MLI,"DF,FW",Southampton,24,7.9,179,244,73.4,104,119,60,83,8,20,2,0.5,0.4,+1.5,9,13,5,3,19
141,Ben Doak,sct SCO,FW,Liverpool,16,0.3,10,14,71.4,9,10,0,1,0,1,0,0.0,0.0,0.0,0,0,0,0,1
142,Matt Doherty,ie IRL,"DF,MF",Tottenham,30,7.4,329,408,80.6,190,204,107,137,18,35,0,0.3,0.3,-0.3,6,14,5,3,20
143,Gabriel Dos Santos,br BRA,DF,Arsenal,24,37.9,2155,2411,89.4,870,922,1111,1180,150,246,0,0.3,0.6,-0.3,5,171,3,0,153
144,Abdoulaye Doucouré,ml MLI,MF,Everton,29,17.0,430,548,78.5,262,317,140,170,7,13,2,2.2,1.4,-0.2,22,29,10,0,38
145,Cheick Doucouré,ml MLI,MF,Crystal Palace,22,30.8,1038,1247,83.2,478,535,460,530,75,104,3,1.9,1.2,+1.1,26,110,11,1,140
146,Flynn Downes,eng ENG,MF,West Ham,23,8.5,289,331,87.3,183,194,86,97,10,14,0,0.1,0.1,-0.1,2,25,1,0,22
147,Kami Doyle,eng ENG,MF,Southampton,16,0.1,5,5,100.0,3,3,2,2,0,0,0,0.0,0.0,0.0,0,0,0,0,0
148,Cody Drameh,eng ENG,DF,Leeds United,20,0.8,30,38,78.9,17,21,11,12,2,5,0,0.0,0.0,0.0,0,2,0,0,2
149,Martin Dúbravka,sk SVK,GK,Newcastle Utd,33,1.7,49,54,90.7,21,21,19,19,8,13,0,0.0,0.0,0.0,0,1,0,0,0
150,Shane Duffy,ie IRL,"DF,FW",Fulham,30,0.2,16,20,80.0,5,5,9,10,2,4,0,0.0,0.0,0.0,0,0,0,0,0
151,Lewis Dunk,eng ENG,DF,Brighton,30,36.0,2911,3223,90.3,1066,1128,1525,1600,279,428,0,1.0,0.9,-1.0,9,178,9,1,158
152,Jhon Durán,co COL,"FW,MF",Aston Villa,18,1.5,16,29,55.2,8,12,7,12,1,2,0,0.0,0.0,0.0,1,1,1,0,4
153,Malcolm Ebiowei,eng ENG,"MF,FW",Crystal Palace,18,0.4,5,10,50.0,2,4,2,2,1,2,0,0.0,0.0,0.0,0,0,0,0,2
154,Ederson,br BRA,GK,Manchester City,28,35.0,1079,1257,85.8,237,239,563,572,278,442,1,0.2,0.2,+0.8,1,13,0,0,0
155,Odsonne Édouard,fr FRA,FW,Crystal Palace,24,20.0,295,412,71.6,212,266,54,86,5,10,2,1.2,0.8,+0.8,17,9,9,0,32
156,Samuel Edozie,eng ENG,"FW,MF",Southampton,19,6.3,111,164,67.7,75,93,22,34,5,10,0,0.4,0.4,-0.4,8,6,6,1,13
157,Anthony Elanga,se SWE,FW,Manchester Utd,20,4.7,95,130,73.1,65,86,23,32,3,3,1,0.9,1.0,+0.1,6,3,3,0,8
158,Harvey Elliott,eng ENG,"MF,FW",Liverpool,19,17.9,809,1009,80.2,442,494,296,363,45,85,2,3.6,4.3,-1.6,26,68,41,6,142
159,Mohamed Elneny,eg EGY,MF,Arsenal,30,1.3,57,60,95.0,23,23,27,29,6,6,0,0.0,0.0,0.0,0,3,2,0,2
160,Mohamed Elyounoussi,no NOR,"MF,FW",Southampton,27,24.1,426,633,67.3,272,348,108,167,28,56,1,2.1,1.7,-1.1,18,32,19,6,50
161,Emerson,br BRA,DF,Tottenham,23,19.3,848,1060,80.0,437,482,330,392,53,93,1,0.6,1.0,+0.4,9,58,17,3,80
162,Christian Eriksen,dk DEN,MF,Manchester Utd,30,22.8,1203,1485,81.0,629,700,429,502,105,198,8,4.2,3.4,+3.8,36,149,27,5,164
163,Pervis Estupiñán,ec ECU,DF,Brighton,24,29.7,1576,1926,81.8,922,1017,545,661,60,110,5,5.4,4.1,-0.4,51,103,44,19,157
164,Jonny Evans,nir NIR,DF,Leicester City,34,11.7,690,789,87.5,211,227,400,430,73,114,0,0.0,0.2,0.0,1,43,2,0,35
165,Eberechi Eze,eng ENG,"MF,FW",Crystal Palace,24,29.3,923,1178,78.4,531,607,294,353,67,148,4,4.3,3.1,-0.3,57,88,35,2,131
166,Łukasz Fabiański,pl POL,GK,West Ham,37,34.6,598,930,64.3,117,117,225,228,254,579,0,0.0,0.0,0.0,0,12,0,0,0
167,Fabinho,br BRA,MF,Liverpool,28,29.7,1617,1832,88.3,817,882,627,680,125,180,2,2.1,1.9,-0.1,17,131,17,0,161
168,Wout Faes,be BEL,DF,Leicester City,24,31.0,1581,1846,85.6,593,654,859,939,116,218,2,0.6,0.6,+1.4,9,70,5,0,74
169,Felipe,br BRA,DF,Nott'ham Forest,33,15.8,411,568,72.4,154,187,198,240,50,112,1,0.9,0.8,+0.1,7,17,2,0,22
170,João Félix,pt POR,"FW,MF",Chelsea,22,10.5,274,356,77.0,172,194,74,101,20,39,0,0.5,1.0,-0.5,7,29,17,1,47
171,Evan Ferguson,ie IRL,FW,Brighton,17,10.6,180,225,80.0,131,153,42,52,4,7,2,0.7,0.5,+1.3,11,4,6,0,14
172,Bruno Fernandes,pt POR,"MF,FW",Manchester Utd,27,36.8,1498,2030,73.8,767,897,495,633,181,331,8,16.7,10.7,-8.7,119,148,89,10,263
173,Enzo Fernández,ar ARG,MF,Chelsea,21,17.2,1269,1440,88.1,504,549,546,604,193,240,2,2.4,2.7,-0.4,20,164,25,0,168
174,Roberto Firmino,br BRA,"FW,MF",Liverpool,30,13.5,444,566,78.4,277,324,123,155,18,26,4,2.5,2.2,+1.5,21,47,19,1,78
175,Junior Firpo,es ESP,DF,Leeds United,25,15.2,454,621,73.1,230,278,199,253,20,55,1,0.8,0.7,+0.2,8,38,9,4,54
176,Phil Foden,eng ENG,FW,Manchester City,22,20.5,904,1111,81.4,527,577,287,343,55,103,6,4.7,4.8,+1.3,43,38,37,9,88
177,Wesley Fofana,fr FRA,DF,Leicester City,21,2.0,117,140,83.6,44,44,64,74,6,13,0,0.0,0.0,0.0,0,16,0,0,6
178,Wesley Fofana,fr FRA,DF,Chelsea,21,13.1,779,872,89.3,346,367,394,430,27,53,0,0.1,0.3,-0.1,2,50,2,0,43
179,Pablo Fornals,es ESP,"FW,MF",West Ham,26,16.7,557,771,72.2,261,300,208,277,61,124,1,1.7,2.0,-0.7,20,60,12,4,89
180,Adam Forshaw,eng ENG,MF,Leeds United,30,5.3,196,244,80.3,102,111,59,67,28,51,0,0.9,0.6,-0.9,8,30,4,2,33
181,Fraser Forster,eng ENG,GK,Tottenham,34,13.5,266,363,73.3,79,79,125,127,61,154,0,0.0,0.0,0.0,0,2,0,0,0
182,Tyrese Francois,au AUS,FW,Fulham,22,0.0,2,2,100.0,1,1,0,0,0,0,0,0.0,0.0,0.0,0,1,0,0,0
183,Ryan Fraser,sct SCO,FW,Newcastle Utd,28,3.5,85,122,69.7,50,59,28,41,3,8,0,0.4,0.3,-0.4,5,4,4,1,9
184,Fred,br BRA,MF,Manchester Utd,29,13.9,618,781,79.1,344,398,197,234,48,77,2,2.9,1.8,-0.9,30,65,11,2,76
185,Ryan Fredericks,eng ENG,DF,Bournemouth,29,5.9,149,220,67.7,85,96,55,88,4,15,0,0.1,0.3,-0.1,1,5,6,1,15
186,Remo Freuler,ch SUI,MF,Nott'ham Forest,30,24.0,664,836,79.4,371,429,238,285,30,66,0,0.8,0.7,-0.8,12,47,6,3,54
187,Cody Gakpo,nl NED,"FW,MF",Liverpool,23,16.2,293,392,74.7,168,208,91,119,11,20,2,2.7,1.9,-0.7,23,33,11,1,50
188,Conor Gallagher,eng ENG,MF,Chelsea,22,18.0,706,871,81.1,399,447,243,290,32,58,1,2.3,1.7,-1.3,21,67,20,5,105
189,Idrissa Gana Gueye,sn SEN,MF,Everton,32,28.6,1025,1226,83.6,525,583,419,476,57,105,1,1.1,0.8,-0.1,12,111,5,0,98
190,Alejandro Garnacho,ar ARG,"FW,MF",Manchester Utd,18,6.3,150,187,80.2,113,131,27,30,4,5,2,1.0,0.9,+1.0,3,2,2,0,12
191,James Garner,eng ENG,"MF,DF",Everton,21,8.9,256,353,72.5,131,152,99,124,16,50,1,0.5,0.5,+0.5,7,22,6,2,33
192,David de Gea,es ESP,GK,Manchester Utd,31,38.0,866,1218,71.1,199,199,402,410,260,596,0,0.1,0.2,-0.1,1,7,1,0,0
193,Joe Gelhardt,eng ENG,FW,Leeds United,20,2.4,43,67,64.2,23,30,11,17,2,2,2,0.5,0.4,+1.5,2,3,1,0,6
194,Saman Ghoddos,ir IRN,"MF,FW",Brentford,28,1.5,59,79,74.7,32,36,21,25,6,17,0,0.4,0.3,-0.4,4,5,1,0,8
195,Morgan Gibbs-White,eng ENG,"FW,MF",Wolves,22,2.0,75,95,78.9,47,58,17,21,7,9,0,0.1,0.2,-0.1,1,10,1,0,12
196,Morgan Gibbs-White,eng ENG,"MF,FW",Nott'ham Forest,22,33.0,659,1078,61.1,351,466,195,279,84,229,8,8.2,6.2,-0.2,66,70,40,5,131
197,Bryan Gil,es ESP,"MF,FW",Tottenham,21,1.6,47,60,78.3,26,32,14,16,2,4,1,0.2,0.1,+0.8,2,3,2,0,5
198,Billy Gilmour,sct SCO,MF,Brighton,21,5.6,364,408,89.2,188,205,144,152,26,37,1,0.2,0.8,+0.8,2,30,6,0,35
199,Degnand Gnonto,it ITA,"FW,MF",Leeds United,18,15.0,370,512,72.3,230,270,104,137,12,24,4,2.2,2.2,+1.8,22,12,19,5,35
200,Ben Godfrey,eng ENG,DF,Everton,24,8.9,182,281,64.8,90,111,73,111,16,41,1,0.2,0.1,+0.8,3,24,1,1,19
201,João Gomes,br BRA,MF,Wolves,21,7.3,250,322,77.6,138,159,91,121,14,24,0,0.2,0.1,-0.2,5,18,0,0,19
202,Toti Gomes,pt POR,DF,Wolves,23,10.9,460,555,82.9,221,256,202,229,28,53,0,0.3,0.3,-0.3,4,27,8,4,27
203,Joe Gomez,eng ENG,DF,Liverpool,25,16.3,1166,1361,85.7,336,379,686,745,127,197,0,0.2,0.7,-0.2,1,121,4,0,108
204,Sergio Gómez,es ESP,"DF,MF",Manchester City,21,3.9,279,317,88.0,154,165,105,114,11,17,1,1.2,1.1,-0.2,5,24,3,0,18
205,Anthony Gordon,eng ENG,"FW,MF",Newcastle Utd,21,5.4,162,198,81.8,105,115,44,54,7,12,0,0.9,0.9,-0.9,6,11,5,0,15
206,Anthony Gordon,eng ENG,FW,Everton,21,12.2,193,280,68.9,110,135,66,89,11,27,0,0.6,0.5,-0.6,8,8,11,2,19
207,Demarai Gray,jm JAM,"FW,MF",Everton,26,27.9,579,838,69.1,289,328,191,252,72,179,1,3.8,3.8,-2.8,37,30,18,7,46
208,Jack Grealish,eng ENG,FW,Manchester City,26,22.8,902,1072,84.1,539,588,295,337,41,66,7,7.1,6.7,-0.1,50,28,48,2,100
209,Sam Greenwood,eng ENG,"MF,FW",Leeds United,20,4.7,107,186,57.5,55,64,28,58,21,57,2,1.1,1.1,+0.9,13,14,1,0,15
210,Pascal Groß,de GER,"MF,DF",Brighton,31,36.0,1879,2347,80.1,988,1079,681,809,147,316,8,10.9,8.8,-2.9,80,157,69,13,255
211,Vicente Guaita,es ESP,GK,Crystal Palace,35,27.0,610,845,72.2,159,161,258,263,182,405,0,0.0,0.0,0.0,0,3,0,0,1
212,Gonçalo Guedes,pt POR,"FW,MF",Wolves,25,7.9,138,201,68.7,82,97,40,56,13,26,1,0.5,0.5,+0.5,9,11,8,2,16
213,Marc Guéhi,eng ENG,DF,Crystal Palace,22,37.0,1883,2208,85.3,584,642,1074,1152,216,384,0,0.5,0.8,-0.5,10,148,5,0,106
214,Bruno Guimarães,br BRA,MF,Newcastle Utd,24,30.3,1387,1668,83.2,659,741,539,614,149,216,5,4.0,3.9,+1.0,42,147,54,2,222
215,İlkay Gündoğan,de GER,MF,Manchester City,31,26.1,1374,1578,87.1,746,819,492,543,99,130,4,3.3,4.4,+0.7,37,143,35,1,170
216,Darko Gyabi,eng ENG,FW,Leeds United,18,0.1,4,4,100.0,1,1,3,3,0,0,0,0.0,0.0,0.0,0,0,0,0,2
217,Erling Haaland,no NOR,FW,Manchester City,22,30.8,360,500,72.0,218,276,100,132,7,9,8,5.3,3.1,+2.7,29,14,23,0,58
218,Lewis Hall,eng ENG,DF,Chelsea,17,7.3,343,427,80.3,182,202,121,150,38,58,0,2.2,1.4,-2.2,14,25,9,4,25
219,Luke Harris,wls WAL,"MF,FW",Fulham,17,0.1,13,14,92.9,9,9,4,5,0,0,0,0.0,0.0,0.0,0,1,0,0,1
220,Jack Harrison,eng ENG,"FW,MF",Leeds United,25,30.1,732,1150,63.7,443,544,189,316,60,165,7,5.1,5.1,+1.9,53,57,51,21,103
221,Kai Havertz,de GER,"FW,MF",Chelsea,23,28.5,727,894,81.3,458,540,195,221,23,32,1,3.8,2.8,-2.8,38,49,26,2,89
222,Jan Paul van Hecke,nl NED,DF,Brighton,22,3.3,232,248,93.5,72,76,144,148,12,15,0,0.0,0.0,0.0,0,22,0,0,21
223,Hwang Hee-chan,kr KOR,"FW,MF",Wolves,26,12.6,214,280,76.4,122,147,73,88,10,16,1,1.1,0.6,-0.1,10,9,10,1,30
224,Dean Henderson,eng ENG,GK,Nott'ham Forest,25,18.0,425,671,63.3,80,80,186,188,159,400,0,0.0,0.0,0.0,0,11,1,0,0
225,Jordan Henderson,eng ENG,MF,Liverpool,32,23.0,1341,1615,83.0,666,734,513,594,122,193,2,3.2,3.6,-1.2,31,158,47,12,189
226,Wayne Hennessey,wls WAL,GK,Nott'ham Forest,35,3.0,61,99,61.6,5,5,29,29,27,63,0,0.0,0.0,0.0,0,3,0,0,0
227,Rico Henry,eng ENG,DF,Brentford,25,36.0,876,1203,72.8,469,544,314,418,72,169,2,2.7,2.9,-0.7,23,73,41,18,107
228,Son Heung-min,kr KOR,"MF,FW",Tottenham,30,32.1,680,909,74.8,410,477,191,249,36,90,6,6.5,4.5,-0.5,61,32,32,6,79
229,Aaron Hickey,sct SCO,DF,Brentford,20,21.3,695,838,82.9,373,411,265,310,46,80,1,0.4,0.6,+0.6,6,62,13,4,81
230,Jack Hinshelwood,eng ENG,FW,Brighton,17,0.0,1,3,33.3,1,2,0,0,0,0,0,0.0,0.0,0.0,0,0,0,0,0
231,Joseph Hodge,ie IRL,MF,Wolves,19,1.9,80,100,80.0,47,51,24,27,5,8,0,0.1,0.0,-0.1,1,9,1,0,8
232,Rob Holding,eng ENG,DF,Arsenal,26,6.3,382,442,86.4,141,152,191,207,46,69,0,0.0,0.1,0.0,0,23,1,0,24
233,Mason Holgate,eng ENG,DF,Everton,25,5.6,143,217,65.9,51,63,69,87,21,58,0,0.4,0.2,-0.4,6,12,3,1,14
234,Will Hughes,eng ENG,MF,Crystal Palace,27,9.4,296,373,79.4,176,201,98,121,12,25,1,0.9,0.7,+0.1,6,29,6,0,32
235,Omari Hutchinson,eng ENG,FW,Chelsea,18,0.3,9,13,69.2,7,8,1,1,1,2,0,0.0,0.1,0.0,1,0,0,0,0
236,Pierre Højbjerg,dk DEN,MF,Tottenham,26,34.8,2021,2292,88.2,897,970,814,895,242,314,5,3.1,3.2,+1.9,30,207,35,5,235
237,Kelechi Iheanacho,ng NGA,"FW,MF",Leicester City,25,12.5,236,316,74.7,156,189,54,67,11,22,5,4.0,1.8,+1.0,22,21,8,0,27
238,Danny Ings,eng ENG,FW,West Ham,30,8.6,92,148,62.2,62,89,15,23,5,13,2,1.0,0.9,+1.0,6,11,2,0,12
239,Danny Ings,eng ENG,FW,Aston Villa,30,9.2,114,162,70.4,76,97,27,34,3,12,0,1.2,0.6,-1.2,9,7,4,0,12
240,Alexander Isak,se SWE,FW,Newcastle Utd,22,16.9,279,368,75.8,151,192,87,106,25,28,1,2.2,1.4,-1.2,16,29,15,0,48
241,Daniel Iversen,dk DEN,GK,Leicester City,25,12.0,212,377,56.2,65,65,93,95,53,213,0,0.0,0.0,0.0,0,6,0,0,0
242,Alex Iwobi,ng NGA,"MF,FW",Everton,26,37.5,1154,1536,75.1,547,648,435,555,132,220,7,6.1,4.3,+0.9,64,134,63,17,194
243,Daniel James,wls WAL,FW,Leeds United,24,2.2,24,40,60.0,18,22,5,10,0,3,0,0.3,0.3,-0.3,1,1,3,1,3
244,Daniel James,wls WAL,FW,Fulham,24,6.9,120,186,64.5,80,97,27,44,4,13,1,0.7,0.5,+0.3,7,2,8,3,15
245,Reece James,eng ENG,"DF,MF",Chelsea,22,13.8,891,1051,84.8,468,499,337,395,67,109,1,3.0,2.9,-2.0,21,60,24,6,90
246,Vitaly Janelt,de GER,"MF,DF",Brentford,24,24.5,812,1020,79.6,411,466,298,360,90,139,1,1.4,1.5,-0.4,16,75,19,8,82
247,Pontus Jansson,se SWE,DF,Brentford,31,8.0,257,321,80.1,81,98,147,167,28,45,0,0.0,0.1,0.0,0,11,0,0,14
248,Mathias Jensen,dk DEN,MF,Brentford,26,31.1,1088,1566,69.5,471,559,398,555,191,372,6,5.0,4.7,+1.0,48,117,38,16,141
249,Gabriel Jesus,br BRA,FW,Arsenal,25,22.9,561,699,80.3,297,349,206,234,28,45,6,3.9,2.9,+2.1,31,31,22,2,64
250,Raúl Jiménez,mx MEX,FW,Wolves,31,9.4,140,198,70.7,86,109,35,50,10,18,1,1.7,0.6,-0.7,8,8,7,1,14
251,Joelinton,br BRA,"MF,FW",Newcastle Utd,25,29.6,1035,1268,81.6,581,668,338,390,59,75,1,2.4,1.9,-1.4,26,78,21,3,130
252,Ben Johnson,eng ENG,DF,West Ham,22,9.6,395,535,73.8,177,202,175,217,35,85,0,0.2,0.4,-0.2,3,27,10,5,37
253,Brennan Johnson,wls WAL,"FW,MF",Nott'ham Forest,21,32.6,291,505,57.6,155,223,103,177,15,34,3,3.2,1.9,-0.2,28,12,18,6,30
254,Sam Johnstone,eng ENG,GK,Crystal Palace,29,9.0,207,280,73.9,41,41,117,118,49,120,0,0.0,0.0,0.0,0,3,0,0,0
255,Curtis Jones,eng ENG,MF,Liverpool,21,11.5,611,677,90.3,334,355,233,250,25,32,1,1.1,1.4,-0.1,14,53,14,1,69
256,Jorginho,it ITA,MF,Arsenal,30,9.5,641,736,87.1,279,311,305,334,41,61,1,0.2,0.6,+0.8,5,84,12,0,99
257,Jorginho,it ITA,MF,Chelsea,30,14.2,749,884,84.7,379,421,301,348,51,74,0,0.4,0.4,-0.4,7,87,9,0,80
258,Mateo Joseph,eng ENG,"FW,MF",Leeds United,18,0.3,2,3,66.7,1,2,0,0,0,0,0,0.0,0.0,0.0,0,0,0,0,0
259,Diogo Jota,pt POR,FW,Liverpool,25,12.6,286,381,75.1,172,216,87,109,10,20,4,2.1,1.7,+1.9,17,28,8,2,30
260,Hamed Junior Traorè,ci CIV,"FW,MF",Bournemouth,22,4.7,109,178,61.2,55,72,35,56,13,33,0,1.1,1.1,-1.1,14,11,10,3,26
261,James Justin,eng ENG,DF,Leicester City,24,13.9,667,819,81.4,371,408,239,282,39,81,0,0.3,0.5,-0.3,7,48,12,7,47
262,Mathias Jørgensen,dk DEN,DF,Brentford,32,12.3,404,503,80.3,181,203,197,240,20,49,0,0.2,0.2,-0.2,3,30,0,0,35
263,Sasa Kalajdzic,at AUT,FW,Wolves,25,0.5,2,4,50.0,1,2,1,1,0,0,0,0.0,0.0,0.0,0,0,0,0,0
264,Boubacar Kamara,fr FRA,MF,Aston Villa,22,19.7,798,941,84.8,395,441,303,334,67,95,1,0.8,0.7,+0.2,7,61,6,0,84
265,Harry Kane,eng ENG,FW,Tottenham,29,37.8,642,921,69.7,286,368,236,302,103,164,3,7.0,4.0,-4.0,57,100,47,6,180
266,N'Golo Kanté,fr FRA,MF,Chelsea,31,5.8,271,338,80.2,168,190,84,100,12,24,1,1.9,0.8,-0.9,13,23,11,3,34
267,Michael Keane,eng ENG,DF,Everton,29,10.9,305,441,69.2,115,146,147,179,39,93,2,0.7,0.8,+1.3,3,33,2,0,31
268,Neeskens Kebano,cd COD,FW,Fulham,30,8.5,155,212,73.1,93,106,43,58,6,13,3,1.5,0.9,+1.5,13,2,9,3,24
269,Thilo Kehrer,de GER,DF,West Ham,25,24.8,927,1112,83.4,393,447,456,510,68,119,2,0.6,0.8,+1.4,8,59,4,1,60
270,Naby Keïta,gn GUI,MF,Liverpool,27,3.3,129,168,76.8,75,87,43,54,6,8,0,0.7,0.2,-0.7,8,15,2,0,15
271,Caoimhín Kelleher,ie IRL,GK,Liverpool,23,1.0,23,24,95.8,7,7,12,12,4,5,0,0.0,0.0,0.0,0,1,0,0,0
272,Lloyd Kelly,eng ENG,DF,Bournemouth,23,22.7,934,1164,80.2,352,387,461,510,104,227,2,0.5,0.8,+1.5,7,73,9,3,47
273,Max Kilman,eng ENG,DF,Wolves,25,36.7,1748,2107,83.0,574,621,964,1046,189,384,0,0.2,0.6,-0.2,4,133,7,2,127
274,Jakub Kiwior,pl POL,DF,Arsenal,22,4.7,177,205,86.3,62,70,104,109,7,15,0,0.0,0.0,0.0,1,6,0,0,6
275,Mateusz Klich,pl POL,"MF,FW",Leeds United,32,3.1,108,148,73.0,61,69,28,34,5,17,0,0.2,0.2,-0.2,5,6,5,0,16
276,Robin Koch,de GER,DF,Leeds United,26,35.3,1229,1594,77.1,409,485,665,772,141,285,0,0.4,0.5,-0.4,6,121,7,0,114
277,Ibrahima Konaté,fr FRA,DF,Liverpool,23,17.2,988,1135,87.0,374,413,539,588,59,109,0,0.1,0.8,-0.1,1,56,2,0,56
278,Ezri Konsa,eng ENG,DF,Aston Villa,24,36.9,1681,1898,88.6,608,663,938,997,120,202,0,1.3,0.7,-1.3,8,70,4,2,56
279,Kalidou Koulibaly,sn SEN,DF,Chelsea,31,20.0,1275,1471,86.7,564,598,595,653,96,175,1,0.4,0.4,+0.6,7,83,9,1,81
280,Cheikhou Kouyaté,sn SEN,MF,Nott'ham Forest,32,9.8,185,246,75.2,90,120,62,74,18,25,0,0.7,0.3,-0.7,7,13,2,0,19
281,Mateo Kovačić,hr CRO,MF,Chelsea,28,19.0,1130,1319,85.7,555,614,470,522,76,120,2,2.1,2.1,-0.1,23,158,23,1,153
282,Emil Krafth,se SWE,DF,Newcastle Utd,27,0.0,0,0,,0,0,0,0,0,0,0,0.0,0.0,0.0,0,0,0,0,0
283,Dejan Kulusevski,se SWE,"MF,FW",Tottenham,22,23.0,582,746,78.0,355,410,179,226,25,51,7,4.7,4.8,+2.3,47,14,38,11,67
284,Layvin Kurzawa,fr FRA,DF,Fulham,29,1.5,28,41,68.3,12,13,14,19,0,3,0,0.0,0.0,0.0,0,1,1,1,2
285,Adam Lallana,eng ENG,"MF,FW",Brighton,34,8.0,262,317,82.6,173,194,57,74,6,9,1,1.0,1.2,0.0,14,23,9,1,33
286,Tariq Lamptey,gh GHA,DF,Brighton,21,5.0,239,302,79.1,130,149,96,116,5,21,0,0.2,0.7,-0.2,4,14,8,5,26
287,Manuel Lanzini,ar ARG,"MF,FW",West Ham,29,2.8,146,175,83.4,82,94,48,53,11,17,0,0.2,0.3,-0.2,1,13,3,0,19
288,Aymeric Laporte,es ESP,DF,Manchester City,28,11.0,892,964,92.5,441,463,387,405,52,74,0,0.2,0.4,-0.2,5,87,7,0,85
289,Juan Larios,es ESP,DF,Southampton,18,1.7,63,82,76.8,40,46,21,27,2,4,0,0.0,0.0,0.0,0,5,0,0,4
290,Jamaal Lascelles,eng ENG,DF,Newcastle Utd,28,2.4,79,93,84.9,29,34,40,44,7,11,0,0.0,0.0,0.0,0,4,0,0,3
291,Roméo Lavia,be BEL,MF,Southampton,18,24.7,859,997,86.2,386,425,389,426,68,93,0,0.6,0.6,-0.6,16,101,9,0,102
292,Dexter Lembikisa,jm JAM,DF,Wolves,18,0.3,10,13,76.9,5,5,5,5,0,0,0,0.0,0.0,0.0,0,2,0,0,3
293,Mario Lemina,ga GAB,MF,Wolves,28,14.4,566,651,86.9,241,269,267,289,51,72,1,0.3,0.5,+0.7,3,31,5,1,42
294,Clément Lenglet,fr FRA,DF,Tottenham,27,22.4,1270,1465,86.7,484,501,637,701,129,219,2,0.6,0.8,+1.4,6,80,11,5,85
295,Bernd Leno,de GER,GK,Fulham,30,36.0,1110,1397,79.5,234,235,651,655,223,503,0,0.0,0.0,0.0,1,11,0,0,0
296,Jefferson Lerma,co COL,MF,Bournemouth,27,36.1,1317,1611,81.8,695,793,502,581,77,146,0,2.3,3.1,-2.3,18,126,23,2,142
297,Jamal Lewis,nir NIR,"DF,FW",Newcastle Utd,24,0.1,12,14,85.7,3,3,8,9,0,0,0,0.0,0.0,0.0,0,0,0,0,1
298,Rico Lewis,eng ENG,"DF,MF",Manchester City,17,10.0,617,675,91.4,378,400,203,219,19,23,0,1.5,1.6,-1.5,12,38,10,3,48
299,Keane Lewis-Potter,eng ENG,"FW,MF",Brentford,21,3.6,49,86,57.0,33,50,12,17,1,10,1,1.2,0.3,-0.2,5,2,3,1,6
300,Victor Lindelöf,se SWE,DF,Manchester Utd,28,15.2,866,930,93.1,318,336,479,495,54,76,0,0.1,0.4,-0.1,3,35,2,0,36
301,Jesse Lingard,eng ENG,"FW,MF",Nott'ham Forest,29,10.3,236,297,79.5,121,137,88,104,14,28,0,0.7,0.5,-0.7,11,27,7,1,33
302,Valentino Livramento,eng ENG,"DF,FW",Southampton,19,0.3,21,26,80.8,10,13,11,11,0,1,0,0.0,0.0,0.0,0,1,0,0,0
303,Diego Llorente,es ESP,DF,Leeds United,28,7.2,356,429,83.0,118,130,203,228,33,59,0,0.0,0.0,0.0,0,17,0,0,27
304,Hugo Lloris,fr FRA,GK,Tottenham,35,24.5,561,728,77.1,174,177,241,242,146,305,0,0.0,0.0,0.0,0,13,0,0,0
305,Renan Lodi,br BRA,DF,Nott'ham Forest,24,24.6,583,877,66.5,272,323,242,339,57,162,1,1.2,1.3,-0.2,13,25,14,8,31
306,Ruben Loftus-Cheek,eng ENG,"MF,DF",Chelsea,26,17.1,782,907,86.2,475,530,263,291,29,37,1,1.5,1.8,-0.5,16,78,18,1,90
307,Sean Longstaff,eng ENG,MF,Newcastle Utd,24,28.0,943,1163,81.1,470,538,362,415,78,129,4,3.3,2.6,+0.7,23,80,21,5,116
308,Jamal Lowe,jm JAM,"MF,FW",Bournemouth,28,0.1,2,4,50.0,1,1,0,0,0,1,0,0.0,0.0,0.0,0,0,1,0,1
309,Douglas Luiz,br BRA,MF,Aston Villa,24,32.5,1494,1812,82.5,613,680,665,768,158,277,6,4.4,2.9,+1.6,45,123,19,4,148
310,Saša Lukić,rs SRB,MF,Fulham,25,4.6,192,218,88.1,86,97,91,99,12,16,0,0.0,0.1,0.0,0,20,2,1,13
311,Lyanco,br BRA,DF,Southampton,25,13.1,400,558,71.7,137,163,208,263,44,110,1,0.5,0.1,+0.5,4,31,3,1,35
312,Alexis Mac Allister,ar ARG,MF,Brighton,23,32.1,1586,1844,86.0,847,930,591,653,101,148,2,4.3,4.4,-2.3,47,151,33,1,174
313,James Maddison,eng ENG,"MF,FW",Leicester City,25,27.6,844,1150,73.4,417,481,300,395,93,186,9,9.3,5.7,-0.3,69,117,27,4,151
314,Noni Madueke,eng ENG,FW,Chelsea,20,7.1,223,286,78.0,137,162,66,86,8,12,0,0.5,0.7,-0.5,13,11,13,0,36
315,Harry Maguire,eng ENG,DF,Manchester Utd,29,8.5,491,577,85.1,147,165,276,304,58,93,0,0.0,0.1,0.0,1,31,0,0,26
316,Riyad Mahrez,dz ALG,"FW,MF",Manchester City,31,21.3,958,1166,82.2,506,567,355,416,82,141,10,7.0,5.3,+3.0,52,36,37,7,76
317,Kobbie Mainoo,eng ENG,MF,Manchester Utd,17,0.1,7,8,87.5,5,6,2,2,0,0,0,0.0,0.1,0.0,0,1,1,0,1
318,Ainsley Maitland-Niles,eng ENG,"DF,MF",Southampton,24,15.6,565,713,79.2,288,331,214,258,50,84,0,0.7,0.7,-0.7,10,52,12,5,57
319,Tyrell Malacia,nl NED,DF,Manchester Utd,22,15.5,694,802,86.5,429,463,205,232,35,60,0,0.7,0.7,-0.7,9,36,8,0,44
320,Orel Mangala,be BEL,MF,Nott'ham Forest,24,17.2,411,514,80.0,223,256,153,183,22,42,1,0.4,0.5,+0.6,3,35,3,0,43
321,Javier Manquillo,es ESP,DF,Newcastle Utd,28,0.4,24,29,82.8,13,14,9,12,2,2,0,0.0,0.0,0.0,0,1,0,0,4
322,Sekou Mara,fr FRA,"FW,MF",Southampton,20,6.2,68,107,63.6,44,59,14,18,4,7,2,0.8,0.3,+1.2,6,6,2,0,7
323,Solly March,eng ENG,"FW,DF",Brighton,28,30.2,951,1312,72.5,443,526,367,481,113,208,7,8.4,6.3,-1.4,67,63,52,15,135
324,Emiliano Marcondes,dk DEN,MF,Bournemouth,27,0.1,1,1,100.0,0,0,0,0,1,1,0,0.0,0.0,0.0,0,1,0,0,1
325,Marquinhos,br BRA,MF,Arsenal,19,0.0,2,3,66.7,1,2,1,1,0,0,0,0.0,0.0,0.0,0,0,0,0,0
326,Anthony Martial,fr FRA,FW,Manchester Utd,26,10.9,263,328,80.2,173,198,61,73,9,14,2,1.4,1.4,+0.6,12,14,13,0,35
327,Gabriel Martinelli,br BRA,FW,Arsenal,21,31.0,833,1107,75.2,447,527,295,356,61,123,5,9.1,7.0,-4.1,59,33,43,10,94
328,Emiliano Martínez,ar ARG,GK,Aston Villa,29,34.9,1026,1388,73.9,218,219,520,527,286,633,0,0.3,0.3,-0.3,2,21,0,0,0
329,Lisandro Martínez,ar ARG,DF,Manchester Utd,24,23.5,1330,1528,87.0,532,568,683,728,96,193,0,0.3,1.0,-0.3,6,92,5,0,83
330,Pape Matar Sarr,sn SEN,"MF,FW",Tottenham,19,2.4,141,154,91.6,70,73,62,65,3,8,1,0.3,0.0,+0.7,2,9,0,0,13
331,Jean-Philippe Mateta,fr FRA,FW,Crystal Palace,25,8.6,104,149,69.8,70,92,19,28,4,5,0,0.6,0.2,-0.6,5,4,1,1,6
332,Joël Matip,cm CMR,DF,Liverpool,30,12.1,766,885,86.6,305,349,395,428,57,85,0,0.3,0.4,-0.3,4,53,7,0,59
333,Neal Maupay,fr FRA,FW,Everton,25,12.4,190,253,75.1,125,151,49,63,7,9,0,0.6,0.3,-0.6,7,8,2,0,11
334,Kevin Mbabu,ch SUI,"DF,FW",Fulham,27,1.6,68,94,72.3,40,43,24,35,4,9,1,0.4,0.4,+0.6,2,4,5,3,8
335,Bryan Mbeumo,cm CMR,FW,Brentford,22,32.3,655,991,66.1,376,456,185,287,71,151,8,7.6,5.6,+0.4,51,37,45,13,88
336,James McArthur,sct SCO,MF,Crystal Palace,34,0.6,41,52,78.8,24,29,16,18,1,3,0,0.0,0.0,0.0,0,0,0,0,1
337,Alex McCarthy,eng ENG,GK,Southampton,32,6.0,150,249,60.2,45,47,64,66,40,132,0,0.0,0.0,0.0,0,5,0,0,0
338,John McGinn,sct SCO,"MF,FW",Aston Villa,27,29.9,805,1028,78.3,374,430,309,373,101,165,3,2.6,3.3,+0.4,18,114,20,5,140
339,Scott McKenna,sct SCO,DF,Nott'ham Forest,25,17.5,569,727,78.3,163,195,334,394,66,122,0,1.0,0.4,-1.0,8,35,3,1,35
340,Weston McKennie,us USA,MF,Leeds United,23,16.0,472,628,75.2,246,302,154,197,47,79,1,0.7,0.5,+0.3,13,50,15,3,82
341,Dwight McNeil,eng ENG,"FW,MF",Everton,22,27.8,656,987,66.5,335,391,208,278,87,212,3,6.1,5.4,-3.1,49,45,27,14,69
342,Scott McTominay,sct SCO,MF,Manchester Utd,25,12.9,355,432,82.2,194,224,122,141,25,36,0,0.6,1.0,-0.6,8,32,5,1,33
343,Ben Mee,eng ENG,DF,Brentford,32,36.3,1348,1761,76.5,520,609,648,784,169,316,1,1.3,0.8,-0.3,8,86,7,1,84
344,Edouard Mendy,sn SEN,GK,Chelsea,30,9.5,233,289,80.6,79,79,97,98,53,108,0,0.0,0.0,0.0,0,4,0,0,0
345,Nampalys Mendy,sn SEN,MF,Leicester City,30,8.4,362,413,87.7,189,204,143,156,20,27,0,0.0,0.1,0.0,2,20,3,0,28
346,Chris Mepham,wls WAL,DF,Bournemouth,24,24.4,870,1041,83.6,309,346,478,525,75,142,0,0.2,0.6,-0.2,4,42,2,0,42
347,Illan Meslier,fr FRA,GK,Leeds United,22,34.0,664,1039,63.9,144,148,354,359,162,523,0,0.0,0.0,0.0,0,13,1,0,0
348,Alex Mighten,eng ENG,FW,Nott'ham Forest,20,0.1,1,1,100.0,1,1,0,0,0,0,0,0.0,0.0,0.0,0,0,0,0,0
349,Lewis Miley,eng ENG,MF,Newcastle Utd,16,0.2,5,6,83.3,3,4,1,1,0,0,0,0.0,0.0,0.0,0,0,0,0,0
350,Luka Milivojević,rs SRB,MF,Crystal Palace,31,5.7,207,260,79.6,89,101,89,107,20,37,0,0.2,0.2,-0.2,2,17,2,1,20
351,James Milner,eng ENG,"MF,DF",Liverpool,36,10.1,563,727,77.4,261,291,238,279,52,112,1,0.9,1.6,+0.1,13,61,15,5,70
352,Yerry Mina,co COL,DF,Everton,27,6.6,286,325,88.0,117,125,146,161,17,27,0,0.1,0.2,-0.1,1,15,1,0,13
353,Tyrone Mings,eng ENG,DF,Aston Villa,29,35.0,1617,1899,85.2,532,586,913,984,153,286,2,1.4,0.9,+0.6,5,106,6,0,111
354,Tyrick Mitchell,eng ENG,DF,Crystal Palace,22,32.1,1152,1607,71.7,600,710,483,635,53,169,2,1.2,1.2,+0.8,15,90,21,9,106
355,Kaoru Mitoma,jp JPN,"FW,MF",Brighton,25,25.8,780,977,79.8,507,570,214,268,30,53,5,6.4,4.9,-1.4,41,45,28,1,90
356,Aleksandar Mitrović,rs SRB,FW,Fulham,27,22.3,299,496,60.3,172,257,85,132,31,52,1,2.3,1.3,-1.3,16,26,10,1,44
357,Kieffer Moore,wls WAL,FW,Bournemouth,29,14.2,212,360,58.9,119,193,62,95,11,20,0,0.3,0.5,-0.3,5,16,6,0,23
358,Andrew Moran,ie IRL,FW,Brighton,18,0.1,1,2,50.0,1,1,0,1,0,0,0,0.0,0.0,0.0,0,0,0,0,0
359,Álex Moreno,es ESP,DF,Aston Villa,29,14.8,581,745,78.0,319,373,217,267,24,42,3,3.0,2.6,0.0,22,15,30,14,37
360,Mason Mount,eng ENG,"MF,FW",Chelsea,23,18.3,585,778,75.2,350,409,165,216,44,84,2,3.0,2.8,-1.0,30,55,27,5,98
361,Lucas Moura,br BRA,"MF,DF",Tottenham,29,1.7,62,89,69.7,39,50,21,26,0,3,0,0.3,0.4,-0.3,4,3,5,1,13
362,João Moutinho,pt POR,MF,Wolves,35,19.8,850,1057,80.4,323,362,412,480,91,147,2,2.6,1.9,-0.6,36,105,23,4,132
363,Divin Mubama,eng ENG,FW,West Ham,17,0.4,5,8,62.5,2,2,2,4,1,1,0,0.0,0.0,0.0,1,0,0,0,0
364,Mykhailo Mudryk,ua UKR,"FW,MF",Chelsea,21,7.3,161,216,74.5,104,126,35,48,9,23,2,0.9,1.2,+1.1,10,10,10,0,20
365,Jacob Murphy,eng ENG,FW,Newcastle Utd,27,13.9,296,448,66.1,177,219,89,131,18,40,2,2.8,3.1,-0.8,19,20,26,4,57
366,Enock Mwepu,zm ZAM,"FW,MF",Brighton,24,2.4,61,78,78.2,42,50,15,17,3,5,1,0.5,0.2,+0.5,3,5,2,0,6
367,Vitaliy Mykolenko,ua UKR,DF,Everton,23,29.5,966,1292,74.8,509,585,365,477,63,147,0,1.2,0.9,-1.2,19,84,21,11,100
368,Keylor Navas,cr CRC,GK,Nott'ham Forest,35,17.0,306,534,57.3,29,29,136,137,141,363,0,0.0,0.0,0.0,0,7,0,0,1
369,Wilfred Ndidi,ng NGA,MF,Leicester City,25,18.7,754,899,83.9,392,429,304,348,31,67,0,0.1,0.2,-0.1,3,49,0,0,51
370,Reiss Nelson,eng ENG,FW,Arsenal,22,2.4,101,120,84.2,62,69,29,34,4,7,2,1.4,1.0,+0.6,9,3,4,2,6
371,Neto,br BRA,GK,Bournemouth,33,26.5,521,833,62.5,109,111,194,201,211,513,0,0.0,0.0,0.0,0,14,2,0,0
372,Pedro Neto,pt POR,"FW,MF",Wolves,22,10.7,284,384,74.0,165,186,83,118,27,54,0,2.1,1.6,-2.1,20,13,9,4,24
373,Rúben Neves,pt POR,MF,Wolves,25,33.5,1730,2106,82.1,578,635,824,926,312,474,1,1.6,1.5,-0.6,32,202,15,1,218
374,Moussa Niakhate,sn SEN,DF,Nott'ham Forest,26,12.9,265,391,67.8,94,103,129,183,39,90,0,0.1,0.2,-0.1,1,16,0,0,15
375,Rasmus Nissen,dk DEN,DF,Leeds United,25,21.8,740,1044,70.9,364,435,310,410,52,134,1,1.0,0.9,0.0,9,63,16,2,89
376,Eddie Nketiah,eng ENG,FW,Arsenal,23,12.1,205,255,80.4,131,151,58,69,9,12,1,1.3,1.3,-0.3,9,9,6,0,15
377,Matheus Nunes,pt POR,MF,Wolves,23,27.4,818,1028,79.6,387,451,290,339,119,173,1,2.2,1.3,-1.2,27,70,19,7,84
378,Darwin Núñez,uy URU,FW,Liverpool,23,18.8,258,401,64.3,130,184,80,117,21,30,3,5.4,2.8,-2.4,28,11,12,1,29
379,Ethan Nwaneri,eng ENG,FW,Arsenal,15,0.0,0,0,,0,0,0,0,0,0,0,0.0,0.0,0.0,0,0,0,0,0
380,Christian Nørgaard,dk DEN,MF,Brentford,28,19.6,608,812,74.9,304,369,252,326,40,74,3,3.1,1.8,-0.1,12,68,8,2,73
381,Lewis O'Brien,eng ENG,MF,Nott'ham Forest,23,6.5,166,214,77.6,72,85,84,103,7,16,0,0.2,0.2,-0.2,4,19,3,0,21
382,Odeluga Offiah,eng ENG,DF,Brighton,19,0.3,24,30,80.0,14,17,9,12,1,1,0,0.0,0.0,0.0,0,2,1,0,1
383,Angelo Ogbonna,it ITA,DF,West Ham,34,13.7,332,415,80.0,100,120,190,217,32,62,0,0.2,0.1,-0.2,3,8,1,0,11
384,Michael Olise,fr FRA,"FW,MF",Crystal Palace,20,30.5,985,1420,69.4,518,601,328,444,115,273,11,8.7,6.4,+2.3,72,72,53,16,133
385,Robin Olsen,se SWE,GK,Aston Villa,32,3.1,74,131,56.5,17,18,30,30,27,80,0,0.0,0.0,0.0,0,2,0,0,0
386,Amadou Onana,be BEL,MF,Everton,20,27.6,816,980,83.3,420,481,310,354,60,86,2,2.6,1.7,-0.6,22,77,11,0,79
387,Josh Onomah,eng ENG,MF,Fulham,25,0.2,4,6,66.7,3,3,1,1,0,0,0,0.0,0.0,0.0,0,0,0,0,0
388,Paul Onuachu,ng NGA,FW,Southampton,28,4.5,55,91,60.4,35,51,10,20,5,7,0,0.1,0.1,-0.1,4,4,2,0,7
389,Frank Onyeka,ng NGA,MF,Brentford,24,9.4,193,257,75.1,106,129,70,88,9,17,2,0.6,0.8,+1.4,7,23,6,0,28
390,Mislav Oršić,hr CRO,MF,Southampton,29,0.1,2,3,66.7,2,2,0,0,0,1,0,0.0,0.0,0.0,0,0,0,0,0
391,Stefan Ortega,de GER,GK,Manchester City,29,3.0,145,167,86.8,57,58,61,62,27,46,0,0.0,0.0,0.0,0,1,0,0,0
392,Dango Ouattara,bf BFA,"MF,FW",Bournemouth,20,13.8,210,334,62.9,118,157,68,105,16,37,3,2.5,1.6,+0.5,18,20,17,8,23
393,Alex Oxlade-Chamberlain,eng ENG,"FW,MF",Liverpool,28,3.7,75,106,70.8,39,45,24,34,8,14,0,0.9,0.2,-0.9,5,8,2,0,14
394,David Ozoh,eng ENG,FW,Crystal Palace,17,0.0,3,3,100.0,3,3,0,0,0,0,0,0.0,0.0,0.0,0,0,0,0,0
395,João Palhinha,pt POR,MF,Fulham,27,34.5,1051,1274,82.5,527,600,396,462,107,157,0,0.4,0.4,-0.4,7,118,3,0,101
396,Cole Palmer,eng ENG,"MF,FW",Manchester City,20,4.1,167,193,86.5,100,105,51,62,6,11,1,0.6,0.5,+0.4,5,8,7,1,13
397,Emerson Palmieri,it ITA,DF,West Ham,27,14.7,572,729,78.5,367,400,155,195,30,74,0,0.9,0.8,-0.9,13,37,11,4,45
398,Lucas Paquetá,br BRA,MF,West Ham,24,23.9,907,1157,78.4,476,559,324,394,68,104,3,2.5,2.6,+0.5,32,98,30,3,147
399,Thomas Partey,gh GHA,MF,Arsenal,29,27.6,1731,1985,87.2,804,876,712,801,178,240,0,1.5,2.4,-1.5,26,231,24,2,231
400,Nathan Patterson,sct SCO,"DF,MF",Everton,20,14.2,488,649,75.2,284,315,172,230,22,67,0,0.4,0.7,-0.4,6,21,10,4,24
401,Ben Pearson,eng ENG,MF,Bournemouth,27,3.2,108,134,80.6,50,58,45,55,8,15,0,0.0,0.0,0.0,0,8,0,0,5
402,Facundo Pellistri,uy URU,"FW,MF",Manchester Utd,20,0.7,15,16,93.8,8,9,5,5,0,0,0,0.0,0.0,0.0,0,1,0,0,1
403,Andreas Pereira,br BRA,MF,Fulham,26,29.9,701,1068,65.6,336,419,229,315,116,251,6,5.2,4.1,+0.8,60,86,22,9,121
404,Ricardo Pereira,pt POR,"DF,MF",Leicester City,28,5.0,252,322,78.3,130,147,105,125,12,27,1,0.6,0.6,+0.4,7,25,10,3,27
405,Ayoze Pérez,es ESP,"MF,FW",Leicester City,29,4.2,118,171,69.0,75,89,28,43,9,18,1,1.5,0.6,-0.5,11,13,6,0,20
406,Ivan Perišić,hr CRO,"DF,MF",Tottenham,33,23.4,713,1121,63.6,357,443,249,389,91,210,8,6.1,5.2,+1.9,48,29,36,24,61
407,Romain Perraud,fr FRA,DF,Southampton,24,20.4,623,885,70.4,377,443,200,270,26,91,2,1.9,1.9,+0.1,15,47,15,8,62
408,Máximo Perrone,ar ARG,MF,Manchester City,19,0.2,18,21,85.7,11,12,5,5,0,0,0,0.0,0.0,0.0,0,0,0,0,2
409,Cameron Peupion,au AUS,MF,Brighton,19,0.1,3,4,75.0,3,4,0,0,0,0,0,0.0,0.0,0.0,0,0,0,0,0
410,Kalvin Phillips,eng ENG,MF,Manchester City,26,3.3,289,313,92.3,113,120,148,153,25,33,0,0.2,0.1,-0.2,3,32,0,0,18
411,Nathaniel Phillips,eng ENG,DF,Liverpool,25,0.7,71,82,86.6,32,34,27,29,9,14,0,0.0,0.0,0.0,0,7,0,0,9
412,Jordan Pickford,eng ENG,GK,Everton,28,37.0,749,1312,57.1,158,159,242,247,342,892,1,0.1,0.4,+0.9,2,57,1,0,2
413,Ethan Pinnock,jm JAM,DF,Brentford,29,30.0,914,1149,79.5,333,391,480,559,84,160,0,1.0,1.1,-1.0,8,43,3,3,52
414,Daniel Podence,pt POR,"FW,MF",Wolves,26,19.7,445,663,67.1,227,301,140,209,51,90,0,2.5,2.2,-2.5,36,35,39,7,95
415,Nick Pope,eng ENG,GK,Newcastle Utd,30,36.2,614,890,69.0,121,122,275,283,212,478,0,0.1,0.0,-0.1,2,13,0,0,1
416,Pedro Porro,es ESP,"DF,MF",Tottenham,22,12.6,465,648,71.8,241,272,168,221,43,98,3,3.0,2.3,0.0,25,28,23,14,39
417,Dennis Praet,be BEL,"MF,FW",Leicester City,28,7.2,200,270,74.1,117,138,62,77,13,27,0,0.5,0.4,-0.5,3,10,5,1,17
418,Isaac Price,nir NIR,MF,Everton,18,0.4,12,14,85.7,6,7,5,6,1,1,0,0.1,0.0,-0.1,1,1,0,0,1
419,Christian Pulisic,us USA,"FW,DF",Chelsea,23,9.1,238,301,79.1,154,177,66,84,10,18,1,0.7,0.4,+0.3,12,14,3,1,23
420,Aaron Ramsdale,eng ENG,GK,Arsenal,24,38.0,761,1111,68.5,190,196,383,390,186,519,0,0.0,0.0,0.0,0,30,2,0,8
421,Jacob Ramsey,eng ENG,"MF,FW",Aston Villa,21,29.3,728,889,81.9,444,500,217,266,34,46,7,5.1,2.9,+1.9,42,67,28,4,98
422,Marcus Rashford,eng ENG,FW,Manchester Utd,24,32.0,627,817,76.7,409,480,146,187,41,64,5,3.4,2.8,+1.6,30,38,53,2,88
423,David Raya,es ESP,GK,Brentford,26,38.0,1054,1640,64.3,131,135,463,473,459,1026,0,0.1,0.2,-0.1,2,75,3,0,13
424,Tim Ream,us USA,DF,Fulham,34,32.2,1662,1922,86.5,420,472,961,1035,267,379,0,0.1,0.3,-0.1,3,148,0,0,142
425,Nathan Redmond,eng ENG,DF,Southampton,28,0.0,0,1,0.0,0,0,0,1,0,0,0,0.0,0.0,0.0,0,0,0,0,0
426,Harrison Reed,eng ENG,MF,Fulham,27,31.8,988,1281,77.1,517,612,355,421,76,133,4,4.1,2.0,-0.1,35,82,29,11,102
427,Bobby Reid,jm JAM,"FW,DF",Fulham,29,27.5,636,907,70.1,341,416,226,319,34,81,1,1.7,1.6,-0.7,19,36,38,10,63
428,Declan Rice,eng ENG,MF,West Ham,23,36.4,1846,2135,86.5,850,944,735,789,223,324,1,3.2,1.9,-2.2,37,233,13,3,240
429,Chris Richards,us USA,DF,Crystal Palace,22,5.0,169,203,83.3,66,79,84,96,19,27,0,0.3,0.0,-0.3,1,15,0,0,14
430,Richarlison,br BRA,"MF,FW",Tottenham,25,11.2,196,279,70.3,109,145,60,82,13,18,3,2.2,1.5,+0.8,16,16,10,3,28
431,Jaïro Riedewald,nl NED,"DF,MF",Crystal Palace,25,0.7,34,45,75.6,21,24,13,17,0,2,0,0.0,0.0,0.0,0,2,0,0,1
432,Matt Ritchie,sct SCO,"FW,MF",Newcastle Utd,32,0.4,24,31,77.4,16,16,4,6,3,4,0,0.1,0.0,-0.1,1,0,0,0,1
433,Andrew Robertson,sct SCO,DF,Liverpool,28,28.7,1803,2265,79.6,855,943,786,938,137,286,8,6.1,6.5,+1.9,52,121,33,14,166
434,Antonee Robinson,us USA,DF,Fulham,24,34.3,1404,1910,73.5,625,725,612,792,137,294,1,1.3,1.8,-0.3,21,104,42,25,129
435,Joel Robles,es ESP,GK,Leeds United,32,4.0,63,122,51.6,6,6,26,27,31,89,0,0.0,0.0,0.0,0,2,0,0,0
436,Marc Roca,es ESP,MF,Leeds United,25,25.7,978,1295,75.5,495,575,359,450,94,201,2,2.9,2.6,-0.9,33,157,17,2,172
437,Marek Rodák,sk SVK,GK,Fulham,25,2.0,29,61,47.5,3,3,8,9,17,48,0,0.0,0.0,0.0,0,0,0,0,0
438,Rodri,es ESP,MF,Manchester City,26,32.3,2723,2987,91.2,1103,1187,1278,1369,300,354,6,4.1,3.5,+1.9,32,265,33,3,260
439,Rodrigo,es ESP,"FW,MF",Leeds United,31,21.5,389,550,70.7,219,277,110,158,32,56,1,1.8,1.3,-0.8,16,23,17,5,44
440,Mads Roerslev,dk DEN,DF,Brentford,23,12.3,194,303,64.0,110,143,62,84,15,44,0,1.2,0.8,-1.2,8,15,7,5,19
441,Cristian Romero,ar ARG,DF,Tottenham,24,26.3,1407,1606,87.6,562,618,698,746,119,176,1,1.2,1.0,-0.2,8,87,8,0,92
442,Oriol Romeu,es ESP,MF,Southampton,30,0.8,28,30,93.3,10,11,15,16,2,2,0,0.0,0.2,0.0,0,0,2,0,4
443,Cristiano Ronaldo,pt POR,FW,Manchester Utd,37,5.8,121,162,74.7,85,97,27,39,1,5,0,0.4,0.2,-0.4,6,7,1,0,12
444,Connor Ronan,ie IRL,MF,Wolves,24,0.0,3,4,75.0,2,2,1,2,0,0,0,0.0,0.0,0.0,0,3,0,0,0
445,Salomón Rondón,ve VEN,FW,Everton,32,1.2,22,29,75.9,15,21,3,3,0,0,0,0.2,0.1,-0.2,2,2,1,0,1
446,Joe Rothwell,eng ENG,MF,Bournemouth,27,11.3,385,457,84.2,179,196,154,165,36,68,1,1.0,1.5,0.0,8,34,11,1,33
447,Georginio Rutter,fr FRA,"FW,MF",Leeds United,20,3.0,31,62,50.0,19,33,9,16,2,2,1,0.3,0.2,+0.7,4,1,2,0,6
448,José Sá,pt POR,GK,Wolves,29,36.0,837,1200,69.8,203,206,450,463,182,522,0,0.0,0.0,0.0,0,10,0,0,0
449,Marcel Sabitzer,at AUT,MF,Manchester Utd,28,7.0,237,307,77.2,129,157,80,97,15,22,1,0.9,1.3,+0.1,10,30,7,1,38
450,Allan Saint-Maximin,fr FRA,FW,Newcastle Utd,25,12.4,316,447,70.7,169,209,106,154,29,41,5,4.6,2.8,+0.4,31,23,35,4,69
451,Bukayo Saka,eng ENG,FW,Arsenal,20,35.3,1054,1430,73.7,653,753,292,378,70,164,11,8.5,5.8,+2.5,75,50,66,12,109
452,Mohamed Salah,eg EGY,FW,Liverpool,30,36.6,902,1185,76.1,533,648,283,352,38,66,12,7.7,7.2,+4.3,65,53,80,7,149
453,William Saliba,fr FRA,DF,Arsenal,21,26.8,1698,1865,91.0,715,767,844,905,108,144,1,1.2,0.3,-0.2,6,111,3,0,99
454,Mohammed Salisu,gh GHA,DF,Southampton,23,21.9,879,1196,73.5,360,412,426,538,86,209,1,0.6,0.5,+0.4,7,80,7,4,82
455,Albert Sambi Lokonga,be BEL,MF,Arsenal,22,2.2,132,140,94.3,59,62,60,63,11,12,0,0.0,0.1,0.0,1,17,1,0,12
456,Albert Sambi Lokonga,be BEL,MF,Crystal Palace,22,6.0,228,264,86.4,112,124,96,101,17,28,0,0.0,0.1,0.0,1,23,0,0,20
457,Davinson Sánchez,co COL,DF,Tottenham,26,9.5,515,594,86.7,187,201,297,320,24,52,0,0.4,0.2,-0.4,2,35,1,1,35
458,Robert Sánchez,es ESP,GK,Brighton,24,23.0,604,781,77.3,203,204,283,292,111,270,0,0.0,0.0,0.0,0,11,0,0,0
459,Jadon Sancho,eng ENG,"FW,MF",Manchester Utd,22,18.7,647,776,83.4,450,504,140,164,15,26,3,5.0,4.1,-2.0,43,23,40,1,76
460,Morgan Sanson,fr FRA,MF,Aston Villa,27,0.1,5,7,71.4,3,4,1,2,0,0,0,0.0,0.0,0.0,0,0,0,0,1
461,Pablo Sarabia,es ESP,"FW,MF",Wolves,30,8.5,252,365,69.0,151,176,66,92,22,59,0,0.8,0.8,-0.8,11,26,15,4,41
462,Jeremy Sarmiento,ec ECU,MF,Brighton,20,2.0,53,67,79.1,32,38,16,19,1,2,1,0.2,0.3,+0.8,2,4,5,1,11
463,Gianluca Scamacca,it ITA,FW,West Ham,23,10.3,118,177,66.7,63,85,31,52,17,21,0,0.7,0.5,-0.7,13,14,5,1,17
464,Gustavo Scarpa,br BRA,"MF,FW",Nott'ham Forest,28,2.0,51,78,65.4,16,19,26,31,8,18,0,0.0,0.0,0.0,1,10,0,0,12
465,Kevin Schade,de GER,FW,Brentford,20,8.1,103,173,59.5,62,89,29,51,1,6,1,1.1,0.8,-0.1,8,8,5,2,15
466,Fabian Schär,ch SUI,DF,Newcastle Utd,30,35.6,1423,1846,77.1,480,560,734,851,199,386,3,3.3,2.1,-0.3,19,142,23,4,139
467,Jeffrey Schlupp,gh GHA,"MF,FW",Crystal Palace,29,28.1,665,900,73.9,338,418,254,312,52,104,1,1.4,1.0,-0.4,18,59,11,0,98
468,Nélson Semedo,pt POR,DF,Wolves,28,29.2,1211,1499,80.8,706,772,427,525,59,126,1,0.7,0.9,+0.3,11,103,15,5,110
469,Antoine Semenyo,gh GHA,"FW,MF",Bournemouth,22,2.9,38,57,66.7,24,33,11,13,2,4,0,0.1,0.0,-0.1,2,5,0,0,5
470,Marcos Senesi,ar ARG,DF,Bournemouth,25,27.7,1064,1322,80.5,360,399,551,625,137,245,0,0.5,0.4,-0.5,5,86,4,1,66
471,Ryan Sessegnon,eng ENG,DF,Tottenham,22,9.0,280,390,71.8,178,213,81,120,16,29,0,1.1,1.1,-1.1,6,16,11,3,22
472,Luke Shaw,eng ENG,DF,Manchester Utd,27,28.4,1757,2098,83.7,962,1047,641,732,112,205,2,3.6,2.9,-1.6,34,169,28,14,140
473,Jonjo Shelvey,eng ENG,MF,Newcastle Utd,30,0.4,19,26,73.1,5,6,8,10,4,8,0,0.0,0.0,0.0,0,4,0,0,3
474,Jonjo Shelvey,eng ENG,MF,Nott'ham Forest,30,6.0,221,302,73.2,73,86,98,112,47,98,0,0.3,0.8,-0.3,6,37,8,2,34
475,Bernardo Silva,pt POR,"MF,FW",Manchester City,27,24.5,1317,1543,85.4,717,771,462,529,92,149,5,3.3,4.0,+1.7,31,76,35,11,130
476,Thiago Silva,br BRA,DF,Chelsea,37,26.1,1856,2042,90.9,678,718,993,1035,172,258,2,0.5,1.0,+1.5,5,115,13,0,104
477,Ellis Simms,eng ENG,FW,Everton,21,2.5,38,62,61.3,20,31,9,17,3,3,0,0.1,0.4,-0.1,2,3,1,0,4
478,Luis Sinisterra,co COL,FW,Leeds United,23,9.6,273,339,80.5,161,188,72,84,14,19,0,0.4,0.9,-0.4,9,18,17,2,39
479,Oliver Skipp,eng ENG,MF,Tottenham,21,16.6,660,772,85.5,326,354,270,300,42,63,0,0.6,0.4,-0.6,10,52,7,1,56
480,Adam Smith,eng ENG,DF,Bournemouth,31,32.7,953,1264,75.4,450,513,398,501,88,194,1,1.3,1.5,-0.3,16,70,28,19,83
481,Emile Smith Rowe,eng ENG,"MF,FW",Arsenal,22,1.9,74,85,87.1,44,48,24,28,5,6,2,0.7,0.6,+1.3,6,3,4,0,7
482,Cédric Soares,pt POR,DF,Arsenal,30,0.3,19,24,79.2,10,10,8,10,0,3,0,0.0,0.0,0.0,0,0,0,0,3
483,Cédric Soares,pt POR,DF,Fulham,30,2.2,143,186,76.9,72,78,57,68,13,31,0,0.3,0.2,-0.3,2,13,4,3,12
484,Dominic Solanke,eng ENG,"FW,MF",Bournemouth,24,31.8,363,533,68.1,225,294,101,135,14,24,7,3.9,2.4,+3.1,21,22,17,1,47
485,Manor Solomon,il ISR,FW,Fulham,23,6.4,175,207,84.5,104,117,57,62,7,11,0,0.4,0.7,-0.4,6,5,8,1,24
486,Tomáš Souček,cz CZE,MF,West Ham,27,31.3,709,994,71.3,360,476,255,338,66,106,3,1.9,1.1,+1.1,15,67,11,6,88
487,Boubakary Soumaré,fr FRA,MF,Leicester City,23,18.1,776,902,86.0,429,470,276,314,39,57,0,0.4,0.5,-0.4,11,80,5,1,73
488,Harry Souttar,au AUS,DF,Leicester City,23,11.0,448,555,80.7,145,160,265,303,34,76,1,0.2,0.1,+0.8,3,39,1,0,29
489,Çağlar Söyüncü,tr TUR,DF,Leicester City,26,5.9,241,309,78.0,104,115,112,136,22,48,0,0.1,0.0,-0.1,1,9,0,0,12
490,Djed Spence,eng ENG,"FW,DF",Tottenham,21,0.1,5,9,55.6,4,5,1,1,0,0,0,0.0,0.0,0.0,0,0,0,0,0
491,Jack Stacey,eng ENG,DF,Bournemouth,26,3.3,74,130,56.9,42,53,27,50,3,12,0,0.0,0.0,0.0,0,6,1,1,2
492,Junior Stanislas,eng ENG,MF,Bournemouth,32,0.7,22,28,78.6,12,14,9,11,0,1,0,0.1,0.2,-0.1,2,3,0,0,4
493,Jay Stansfield,eng ENG,FW,Fulham,19,1.0,9,23,39.1,7,8,1,7,0,3,0,0.1,0.0,-0.1,1,0,0,0,0
494,Jason Steele,eng ENG,GK,Brighton,31,15.0,478,541,88.4,179,182,216,222,80,130,1,0.1,0.2,+0.9,1,2,0,0,0
495,Jack Stephens,eng ENG,DF,Southampton,28,0.5,23,28,82.1,9,10,13,17,1,1,0,0.0,0.0,0.0,0,3,0,0,3
496,Jack Stephens,eng ENG,DF,Bournemouth,28,13.0,446,543,82.1,156,173,233,263,53,94,0,0.2,0.2,-0.2,3,37,3,2,34
497,Raheem Sterling,eng ENG,"FW,MF",Chelsea,27,21.0,514,685,75.0,326,386,136,179,18,33,3,4.6,3.2,-1.6,34,26,31,9,59
498,John Stones,eng ENG,"DF,MF",Manchester City,28,20.5,1453,1563,93.0,708,740,625,666,99,124,2,1.4,1.0,+0.6,8,109,3,0,101
499,Pascal Struijk,nl NED,DF,Leeds United,22,24.4,1046,1320,79.2,571,655,396,485,51,104,1,2.4,1.2,-1.4,14,90,13,4,119
500,Kamaldeen Sulemana,gh GHA,"FW,MF",Southampton,20,10.7,189,265,71.3,103,128,59,75,16,31,1,1.3,1.0,-0.3,14,11,10,1,36
501,Crysencio Summerville,nl NED,FW,Leeds United,20,15.8,308,411,74.9,208,256,72,92,9,24,2,1.6,1.1,+0.4,16,20,12,2,45
502,Sam Surridge,eng ENG,FW,Nott'ham Forest,24,3.6,40,81,49.4,25,45,13,24,1,3,0,0.1,0.0,-0.1,1,4,0,0,6
503,Japhet Tanganga,eng ENG,DF,Tottenham,23,1.6,82,92,89.1,42,46,34,38,5,7,0,0.0,0.0,0.0,0,4,1,1,5
504,Matt Targett,eng ENG,DF,Newcastle Utd,26,6.8,326,419,77.8,162,183,141,162,18,56,0,0.4,0.7,-0.4,10,19,5,0,43
505,James Tarkowski,eng ENG,DF,Everton,29,38.0,1322,1633,81.0,448,512,693,794,167,297,1,2.9,1.9,-1.9,15,98,3,0,106
506,Marcus Tavernier,eng ENG,"MF,FW",Bournemouth,23,19.4,510,724,70.4,285,339,165,225,40,100,4,2.9,1.3,+1.1,19,34,16,5,56
507,Tetê,br BRA,FW,Leicester City,22,8.2,186,258,72.1,102,127,56,76,19,30,0,0.4,0.3,-0.4,6,16,4,1,26
508,Kenny Tete,nl NED,DF,Fulham,26,28.5,1110,1530,72.5,598,691,403,563,81,165,5,1.9,1.9,+3.1,23,75,25,18,103
509,Luke Thomas,eng ENG,DF,Leicester City,21,11.9,521,654,79.7,291,329,194,238,32,57,0,0.7,0.5,-0.7,5,38,7,2,48
510,Youri Tielemans,be BEL,MF,Leicester City,25,26.0,1303,1623,80.3,651,734,501,592,111,208,2,4.7,3.3,-2.7,30,169,28,7,181
511,Kieran Tierney,sct SCO,DF,Arsenal,25,8.8,362,486,74.5,152,172,170,215,35,69,1,0.3,0.4,+0.7,4,35,9,1,36
512,Harry Toffolo,eng ENG,DF,Nott'ham Forest,26,10.4,242,387,62.5,136,166,92,148,11,47,0,0.8,0.9,-0.8,5,14,7,4,29
513,Takehiro Tomiyasu,jp JPN,DF,Arsenal,23,7.4,384,474,81.0,173,200,171,199,30,56,1,0.6,0.2,+0.4,4,41,6,2,51
514,James Tomkins,eng ENG,DF,Crystal Palace,33,3.8,138,171,80.7,47,55,79,87,12,27,0,0.0,0.0,0.0,0,2,0,0,2
515,Ivan Toney,eng ENG,FW,Brentford,26,32.8,468,787,59.5,299,424,103,180,24,53,4,5.1,3.5,-1.1,27,54,26,5,79
516,Adama Traoré,es ESP,"FW,MF",Wolves,26,16.6,325,494,65.8,198,264,85,129,25,46,1,3.7,3.2,-2.7,24,17,22,14,36
517,Bertrand Traoré,bf BFA,"FW,MF",Aston Villa,26,2.6,59,75,78.7,36,40,18,21,3,5,0,0.1,0.1,-0.1,1,1,5,3,9
518,Boubacar Traoré,ml MLI,MF,Wolves,20,4.6,118,149,79.2,56,66,55,63,6,11,1,0.2,0.1,+0.8,1,16,1,0,8
519,Mark Travers,ie IRL,GK,Bournemouth,23,11.5,281,368,76.4,97,97,101,102,82,168,0,0.0,0.0,0.0,0,5,0,0,0
520,Kieran Trippier,eng ENG,DF,Newcastle Utd,31,37.1,1995,2788,71.6,877,992,745,980,333,674,7,12.4,11.8,-5.4,110,182,97,26,260
521,Leandro Trossard,be BEL,FW,Arsenal,27,10.3,347,452,76.8,165,191,133,158,35,59,10,4.7,3.9,+5.3,22,20,30,5,57
522,Leandro Trossard,be BEL,"FW,MF",Brighton,27,14.6,379,529,71.6,199,236,124,178,40,63,2,2.1,2.1,-0.1,23,42,25,7,67
523,Kostas Tsimikas,gr GRE,DF,Liverpool,26,8.6,474,618,76.7,223,255,185,225,56,111,4,1.6,1.3,+2.4,18,20,7,4,26
524,Deniz Undav,de GER,"FW,MF",Brighton,26,7.0,122,164,74.4,84,100,25,36,5,10,0,1.1,1.1,-1.1,8,8,3,0,10
525,Yan Valery,tn TUN,DF,Southampton,23,0.5,15,23,65.2,9,10,4,6,1,5,0,0.0,0.0,0.0,0,1,0,0,0
526,Virgil van Dijk,nl NED,DF,Liverpool,31,31.5,2345,2592,90.5,843,900,1236,1306,244,344,1,1.2,1.1,-0.2,7,156,6,0,127
527,Raphaël Varane,fr FRA,DF,Manchester Utd,29,21.2,954,1106,86.3,319,355,551,597,72,128,0,0.2,0.5,-0.2,4,82,3,0,63
528,Jamie Vardy,eng ENG,FW,Leicester City,35,20.6,137,263,52.1,69,119,47,88,7,15,4,1.4,0.7,+2.6,14,7,5,1,14
529,Joël Veltman,nl NED,DF,Brighton,30,24.3,1261,1512,83.4,532,594,624,711,84,142,1,0.7,1.1,+0.3,10,157,13,4,153
530,Fabio Vieira,pt POR,"MF,FW",Arsenal,22,5.7,234,290,80.7,129,142,84,99,9,25,2,2.5,1.4,-0.5,12,26,7,2,35
531,Matías Viña,uy URU,DF,Bournemouth,24,5.1,140,185,75.7,84,93,49,63,5,14,0,0.2,0.1,-0.2,2,10,4,0,17
532,Rúben Vinagre,pt POR,"DF,MF",Everton,23,0.3,15,24,62.5,7,10,7,10,0,0,0,0.0,0.0,0.0,0,2,0,0,0
533,Carlos Vinícius,br BRA,FW,Fulham,27,12.3,119,189,63.0,71,102,32,47,4,9,2,0.8,0.8,+1.2,7,12,5,1,15
534,Theo Walcott,eng ENG,"FW,MF",Southampton,33,12.5,180,262,68.7,120,151,39,68,4,14,2,2.0,1.7,0.0,15,7,7,2,14
535,Kyle Walker,eng ENG,DF,Manchester City,32,21.8,1661,1892,87.8,744,795,753,826,144,216,0,0.2,0.9,-0.2,6,189,10,4,162
536,Kyle Walker-Peters,eng ENG,DF,Southampton,25,29.4,1019,1324,77.0,607,673,332,440,48,111,0,1.4,2.5,-1.4,15,71,28,9,97
537,Aaron Wan-Bissaka,eng ENG,DF,Manchester Utd,24,15.9,706,840,84.0,448,483,194,240,28,44,0,1.0,0.9,-1.0,15,48,10,2,55
538,Danny Ward,wls WAL,GK,Leicester City,29,26.0,708,945,74.9,197,199,352,355,158,383,0,0.0,0.0,0.0,0,7,0,0,0
539,Joel Ward,eng ENG,DF,Crystal Palace,32,25.1,921,1223,75.3,460,531,375,464,57,157,0,0.4,0.8,-0.4,9,80,11,6,101
540,James Ward-Prowse,eng ENG,MF,Southampton,27,37.5,1716,2176,78.9,834,922,687,809,153,342,4,6.2,5.3,-2.2,74,177,31,16,189
541,Ollie Watkins,eng ENG,FW,Aston Villa,26,34.7,391,566,69.1,261,344,84,122,12,15,6,3.8,2.7,+2.2,31,23,16,2,39
542,Adam Webster,eng ENG,DF,Brighton,27,22.1,1514,1715,88.3,565,612,811,886,125,178,0,0.2,0.4,-0.2,6,120,5,1,119
543,Wout Weghorst,nl NED,"FW,MF",Manchester Utd,29,8.9,151,207,72.9,95,121,31,40,5,13,1,1.2,1.2,-0.2,14,8,1,0,17
544,Danny Welbeck,eng ENG,FW,Brighton,31,20.6,373,442,84.4,244,275,92,106,5,11,3,4.3,1.7,-1.3,30,32,15,0,49
545,Ben White,eng ENG,DF,Arsenal,24,33.9,1888,2242,84.2,893,974,851,972,107,205,5,3.2,3.7,+1.8,26,226,42,12,249
546,Harvey White,eng ENG,MF,Tottenham,20,0.1,3,8,37.5,2,3,0,2,1,3,0,0.0,0.0,0.0,0,0,1,1,0
547,Joseph Whitworth,eng ENG,GK,Crystal Palace,18,2.0,61,83,73.5,12,12,36,37,13,34,0,0.0,0.0,0.0,0,0,0,0,0
548,Neco Williams,wls WAL,DF,Nott'ham Forest,21,20.9,533,840,63.5,254,307,196,286,68,177,0,1.4,1.2,-1.4,15,29,14,9,33
549,Willian,br BRA,FW,Fulham,33,23.6,712,912,78.1,369,429,236,286,86,143,5,4.4,3.1,+0.6,51,41,30,1,113
550,Joe Willock,eng ENG,MF,Newcastle Utd,22,28.4,777,951,81.7,434,485,266,310,55,86,6,6.0,4.4,0.0,39,91,34,8,121
551,Callum Wilson,eng ENG,FW,Newcastle Utd,30,20.9,160,242,66.1,111,143,33,45,4,11,5,2.7,2.1,+2.3,23,10,7,0,19
552,Harry Wilson,wls WAL,FW,Fulham,25,12.2,310,404,76.7,163,192,105,127,25,46,3,0.9,1.0,+2.1,12,20,13,1,37
553,Yoane Wissa,cd COD,FW,Brentford,25,17.8,238,344,69.2,164,198,51,78,10,27,3,2.5,1.0,+0.5,13,21,8,0,27
554,Maximilian Wöber,at AUT,DF,Leeds United,24,14.1,483,684,70.6,175,221,255,319,50,122,0,0.6,0.4,-0.6,6,63,3,2,54
555,Chris Wood,nz NZL,FW,Newcastle Utd,30,5.0,66,106,62.3,40,67,16,25,4,5,0,0.3,0.3,-0.3,3,3,1,0,4
556,Chris Wood,nz NZL,FW,Nott'ham Forest,30,4.1,43,71,60.6,26,43,14,22,1,2,0,0.2,0.1,-0.2,3,5,2,0,7
557,Joe Worrall,eng ENG,DF,Nott'ham Forest,25,24.7,891,1157,77.0,265,322,475,560,143,250,0,0.8,0.6,-0.8,5,75,6,0,67
558,Granit Xhaka,ch SUI,MF,Arsenal,29,33.3,1382,1632,84.7,675,762,552,635,113,139,7,5.2,4.0,+1.8,47,148,40,4,196
559,Ryan Yates,eng ENG,MF,Nott'ham Forest,24,20.4,455,592,76.9,204,248,205,237,32,61,2,1.2,0.4,+0.8,7,26,4,1,43
560,Ashley Young,eng ENG,DF,Aston Villa,37,22.6,897,1188,75.5,415,468,396,490,77,177,0,1.0,0.8,-1.0,14,82,18,5,107
561,Illia Zabarnyi,ua UKR,DF,Bournemouth,19,3.3,184,200,92.0,55,58,115,121,14,20,0,0.0,0.0,0.0,0,13,0,0,11
562,Wilfried Zaha,ci CIV,"FW,MF",Crystal Palace,29,25.4,502,650,77.2,322,370,148,185,18,37,2,2.7,3.0,-0.7,26,18,41,3,75
563,Denis Zakaria,ch SUI,MF,Chelsea,25,4.6,158,179,88.3,90,98,54,56,5,6,0,0.0,0.1,0.0,1,8,0,0,6
564,Jordan Zemura,zw ZIM,DF,Bournemouth,22,16.2,423,594,71.2,242,284,133,187,23,55,1,1.9,2.1,-0.9,18,32,12,5,45
565,Oleksandr Zinchenko,ua UKR,DF,Arsenal,25,23.5,1652,1911,86.4,808,876,696,798,105,148,2,1.4,2.4,+0.6,19,201,41,4,227
566,Hakim Ziyech,ma MAR,"FW,MF",Chelsea,29,7.3,258,400,64.5,148,169,82,133,24,66,3,2.2,1.5,+0.8,14,20,19,7,42
567,Kurt Zouma,fr FRA,DF,West Ham,27,22.1,701,831,84.4,247,271,363,407,79,129,0,0.1,0.1,-0.1,1,19,2,0,31
568,Martin Ødegaard,no NOR,MF,Arsenal,23,34.7,1449,1804,80.3,759,873,518,617,110,175,7,8.1,7.9,-1.1,76,135,91,4,266
