,Player,Nation,Pos,Squad,Age,Match_Play,90s_played,Goals,Assist,Goals_Ass,Goal-Pen,Pen_Kick,xG,NoPen_XG,xAG,Prog_Car,Prog_Pas,Prog_Pas_Rec,Goals90,Asst90,Goal+Pas90,Goal-Pen90,xG90,xA90,NoPen_xG90
0,Brenden Aaronson,us USA,"MF,FW",Leeds United,21,36,26.4,1,3,4,1,0,3.9,3.9,4.2,43,86,151,0.04,0.11,0.15,0.04,0.15,0.16,0.15
1,George Abbott,eng ENG,MF,Tottenham,16,1,0.0,0,0,0,0,0,0.0,0.0,0.0,0,0,0,0.00,0.00,0.00,0.00,0.00,0.00,0.00
2,Che Adams,sct SCO,FW,Southampton,26,28,22.1,5,3,8,5,0,6.6,6.6,2.8,17,34,115,0.23,0.14,0.36,0.23,0.30,0.13,0.30
3,Tyler Adams,us USA,MF,Leeds United,23,24,24.0,0,0,0,0,0,0.1,0.1,1.4,19,136,20,0.00,0.00,0.00,0.00,0.00,0.06,0.00
4,Tosin Adarabioyo,eng ENG,DF,Fulham,24,25,23.2,1,0,1,1,0,0.7,0.7,0.4,16,95,3,0.04,0.00,0.04,0.04,0.03,0.02,0.03
5,Nayef Aguerd,ma MAR,DF,West Ham,26,18,17.7,2,0,2,2,0,2.2,2.2,0.5,2,25,4,0.11,0.00,0.11,0.11,0.13,0.03,0.13
6,Naouirou Ahamada,fr FRA,"MF,FW",Crystal Palace,20,8,1.0,0,0,0,0,0,0.2,0.2,0.1,1,2,11,0.00,0.00,0.00,0.00,0.15,0.07,0.15
7,Rayan Aït Nouri,dz ALG,DF,Wolves,21,21,12.0,1,0,1,1,0,0.7,0.7,1.0,30,43,76,0.08,0.00,0.08,0.08,0.06,0.08,0.06
8,Kristoffer Ajer,no NOR,DF,Brentford,24,9,8.5,0,0,0,0,0,0.0,0.0,0.0,10,31,12,0.00,0.00,0.00,0.00,0.00,0.00,0.00
9,Manuel Akanji,ch SUI,DF,Manchester City,27,29,25.4,0,1,1,0,0,1.3,1.3,0.4,24,116,17,0.00,0.04,0.04,0.00,0.05,0.02,0.05
10,Nathan Aké,nl NED,DF,Manchester City,27,26,20.8,1,0,1,1,0,1.6,1.6,0.7,25,140,30,0.05,0.00,0.05,0.05,0.07,0.04,0.07
11,Marc Albrighton,eng ENG,"FW,MF",Leicester City,32,6,2.6,1,0,1,1,0,0.3,0.3,0.9,4,7,18,0.38,0.00,0.38,0.38,0.13,0.34,0.13
12,Thiago Alcántara,es ESP,MF,Liverpool,31,18,13.9,0,0,0,0,0,0.4,0.4,1.1,13,120,24,0.00,0.00,0.00,0.00,0.03,0.08,0.03
13,Carlos Alcaraz,ar ARG,"MF,FW",Southampton,19,18,11.4,4,2,6,4,0,1.9,1.9,0.7,20,28,32,0.35,0.17,0.52,0.35,0.17,0.06,0.17
14,Trent Alexander-Arnold,eng ENG,DF,Liverpool,23,37,32.5,2,9,11,2,0,2.4,2.4,11.5,43,235,139,0.06,0.28,0.34,0.06,0.07,0.35,0.07
15,Alisson,br BRA,GK,Liverpool,29,37,37.0,0,1,1,0,0,0.0,0.0,0.3,0,3,0,0.00,0.03,0.03,0.00,0.00,0.01,0.00
16,Dele Alli,eng ENG,MF,Everton,26,2,0.4,0,0,0,0,0,0.0,0.0,0.0,0,1,1,0.00,0.00,0.00,0.00,0.00,0.00,0.00
17,Miguel Almirón,py PAR,FW,Newcastle Utd,28,34,27.7,11,2,13,11,0,8.0,8.0,3.2,77,124,264,0.40,0.07,0.47,0.40,0.29,0.11,0.29
18,Julián Álvarez,ar ARG,"FW,MF",Manchester City,22,31,16.3,9,0,9,8,1,7.0,6.2,1.8,38,37,99,0.55,0.00,0.55,0.49,0.43,0.11,0.38
19,Daniel Amartey,gh GHA,DF,Leicester City,27,20,17.9,0,0,0,0,0,1.1,1.1,0.5,23,66,5,0.00,0.00,0.00,0.00,0.06,0.03,0.06
20,Samuel Amo-Ameyaw,eng ENG,MF,Southampton,16,1,0.0,0,0,0,0,0,0.0,0.0,0.0,2,1,0,0.00,0.00,0.00,0.00,0.00,0.86,0.00
21,Joachim Andersen,dk DEN,DF,Crystal Palace,26,32,30.9,1,0,1,1,0,1.8,1.8,1.3,16,105,7,0.03,0.00,0.03,0.03,0.06,0.04,0.06
22,Elliot Anderson,sct SCO,"MF,FW",Newcastle Utd,19,22,4.6,0,1,1,0,0,1.0,1.0,1.3,23,24,35,0.00,0.22,0.22,0.00,0.22,0.28,0.22
23,Jaidon Anthony,eng ENG,"MF,FW",Bournemouth,22,30,14.0,3,1,4,3,0,2.2,2.2,1.0,31,49,72,0.21,0.07,0.29,0.21,0.16,0.07,0.16
24,Michail Antonio,jm JAM,FW,West Ham,32,33,20.3,5,3,8,5,0,6.6,6.6,1.3,49,27,120,0.25,0.15,0.39,0.25,0.32,0.06,0.32
25,Antony,br BRA,FW,Manchester Utd,22,25,20.0,4,2,6,4,0,6.6,6.6,2.9,95,74,168,0.20,0.10,0.30,0.20,0.33,0.14,0.33
26,Cameron Archer,eng ENG,"FW,MF",Aston Villa,21,6,0.5,0,0,0,0,0,0.0,0.0,0.0,3,0,3,0.00,0.00,0.00,0.00,0.00,0.00,0.00
27,Alphonse Areola,fr FRA,GK,West Ham,29,5,3.4,0,0,0,0,0,0.0,0.0,0.0,0,0,0,0.00,0.00,0.00,0.00,0.00,0.00,0.00
28,Joe Aribo,ng NGA,"MF,FW",Southampton,26,21,13.6,2,0,2,2,0,1.5,1.5,0.8,19,39,64,0.15,0.00,0.15,0.15,0.11,0.06,0.11
29,Adam Armstrong,eng ENG,"FW,MF",Southampton,25,30,14.8,2,1,3,2,0,2.1,2.1,1.3,39,16,70,0.13,0.07,0.20,0.13,0.14,0.09,0.14
30,Stuart Armstrong,sct SCO,"MF,FW",Southampton,30,32,15.6,2,1,3,2,0,2.4,2.4,2.2,61,75,88,0.13,0.06,0.19,0.13,0.15,0.14,0.15
31,Kepa Arrizabalaga,es ESP,GK,Chelsea,27,29,28.5,0,0,0,0,0,0.0,0.0,0.0,0,0,0,0.00,0.00,0.00,0.00,0.00,0.00,0.00
32,Pierre-Emerick Aubameyang,ga GAB,FW,Chelsea,33,15,6.2,1,0,1,1,0,1.5,1.5,0.4,9,3,29,0.16,0.00,0.16,0.16,0.24,0.07,0.24
33,Ludwig Augustinsson,se SWE,DF,Aston Villa,28,3,0.9,0,0,0,0,0,0.1,0.1,0.0,0,0,3,0.00,0.00,0.00,0.00,0.10,0.00,0.10
34,Serge Aurier,ci CIV,DF,Nott'ham Forest,29,24,21.6,1,0,1,1,0,0.8,0.8,1.0,37,71,50,0.05,0.00,0.05,0.05,0.04,0.05,0.04
35,Taiwo Awoniyi,ng NGA,FW,Nott'ham Forest,24,27,15.6,10,1,11,10,0,6.6,6.6,1.1,18,12,55,0.64,0.06,0.71,0.64,0.42,0.07,0.42
36,Yasin Ayari,se SWE,MF,Brighton,18,3,0.7,0,0,0,0,0,0.0,0.0,0.1,0,2,2,0.00,0.00,0.00,0.00,0.03,0.18,0.03
37,André Ayew,gh GHA,"FW,MF",Nott'ham Forest,32,13,3.5,0,0,0,0,0,1.0,0.3,0.0,3,11,16,0.00,0.00,0.00,0.00,0.30,0.01,0.07
38,Jordan Ayew,gh GHA,"FW,MF",Crystal Palace,30,38,30.2,4,3,7,4,0,3.2,3.2,3.2,83,63,174,0.13,0.10,0.23,0.13,0.10,0.11,0.10
39,Luke Ayling,eng ENG,DF,Leeds United,30,29,22.8,2,1,3,2,0,3.2,3.2,2.0,28,77,100,0.09,0.04,0.13,0.09,0.14,0.09,0.14
40,César Azpilicueta,es ESP,DF,Chelsea,32,25,17.0,0,0,0,0,0,0.4,0.4,1.1,23,71,81,0.00,0.00,0.00,0.00,0.02,0.07,0.02
41,Benoît Badiashile,fr FRA,DF,Chelsea,21,11,10.1,1,0,1,1,0,1.2,1.2,0.5,11,56,2,0.10,0.00,0.10,0.10,0.12,0.05,0.12
42,Leon Bailey,jm JAM,"FW,MF",Aston Villa,24,33,21.9,4,4,8,4,0,5.3,5.3,4.8,85,28,182,0.18,0.18,0.37,0.18,0.24,0.22,0.24
43,Stefan Bajcetic,es ESP,MF,Liverpool,17,11,5.8,1,0,1,1,0,0.8,0.8,0.4,10,24,1,0.17,0.00,0.17,0.17,0.13,0.06,0.13
44,Dominic Ballard,eng ENG,"FW,MF",Southampton,17,2,0.3,0,0,0,0,0,0.0,0.0,0.0,1,0,1,0.00,0.00,0.00,0.00,0.00,0.00,0.00
45,Patrick Bamford,eng ENG,FW,Leeds United,28,28,16.8,4,2,6,4,0,8.6,7.0,1.0,17,23,96,0.24,0.12,0.36,0.24,0.51,0.06,0.42
46,Shandon Baptiste,gd GRN,MF,Brentford,24,23,6.9,0,1,1,0,0,0.4,0.4,1.1,8,39,23,0.00,0.15,0.15,0.00,0.05,0.16,0.05
47,Harvey Barnes,eng ENG,"FW,MF",Leicester City,24,34,30.1,13,1,14,13,0,8.9,8.9,3.1,100,79,257,0.43,0.03,0.46,0.43,0.30,0.10,0.30
48,Gavin Bazunu,ie IRL,GK,Southampton,20,32,32.0,0,0,0,0,0,0.0,0.0,0.1,0,1,0,0.00,0.00,0.00,0.00,0.00,0.00,0.00
49,Mads Bech Sørensen,dk DEN,"DF,MF",Brentford,23,4,0.2,0,0,0,0,0,0.0,0.0,0.0,0,1,0,0.00,0.00,0.00,0.00,0.00,0.00,0.00
50,Jan Bednarek,pl POL,DF,Southampton,26,20,18.6,0,0,0,0,0,0.4,0.4,0.1,8,45,2,0.00,0.00,0.00,0.00,0.02,0.01,0.02
51,Jan Bednarek,pl POL,DF,Aston Villa,26,3,1.1,0,0,0,0,0,0.0,0.0,0.0,1,5,0,0.00,0.00,0.00,0.00,0.00,0.00,0.00
52,Donny van de Beek,nl NED,MF,Manchester Utd,25,7,1.9,0,0,0,0,0,0.1,0.1,0.1,2,6,20,0.00,0.00,0.00,0.00,0.05,0.06,0.05
53,Asmir Begović,ba BIH,GK,Everton,35,1,1.0,0,0,0,0,0,0.0,0.0,0.0,0,0,0,0.00,0.00,0.00,0.00,0.00,0.00,0.00
54,Armel Bella Kotchap,de GER,DF,Southampton,20,24,20.9,0,2,2,0,0,1.0,1.0,1.0,9,39,2,0.00,0.10,0.10,0.00,0.05,0.05,0.05
55,Saïd Benrahma,dz ALG,"FW,MF",West Ham,26,35,23.0,6,3,9,2,4,7.0,3.9,4.5,109,82,237,0.26,0.13,0.39,0.09,0.31,0.20,0.17
56,Rodrigo Bentancur,uy URU,MF,Tottenham,25,18,16.7,5,2,7,5,0,2.2,2.2,0.8,26,76,19,0.30,0.12,0.42,0.30,0.13,0.05,0.13
57,Daniel Bentley,eng ENG,GK,Wolves,29,2,2.0,0,0,0,0,0,0.0,0.0,0.0,0,0,0,0.00,0.00,0.00,0.00,0.00,0.00,0.00
58,Victor Bernth Kristiansen,dk DEN,DF,Leicester City,19,12,9.9,0,1,1,0,0,0.1,0.1,0.8,17,31,24,0.00,0.10,0.10,0.00,0.01,0.08,0.01
59,Owen Bevan,wls WAL,DF,Bournemouth,18,1,0.1,0,0,0,0,0,0.0,0.0,0.0,0,0,0,0.00,0.00,0.00,0.00,0.00,0.00,0.00
60,Giulian Biancone,fr FRA,DF,Nott'ham Forest,22,2,0.2,0,0,0,0,0,0.0,0.0,0.0,2,0,1,0.00,0.00,0.00,0.00,0.00,0.00,0.00
61,Philip Billing,dk DEN,"MF,FW",Bournemouth,26,36,30.7,7,1,8,7,0,4.9,4.9,3.2,37,80,101,0.23,0.03,0.26,0.23,0.16,0.10,0.16
62,Yves Bissouma,ml MLI,MF,Tottenham,25,23,11.2,0,0,0,0,0,0.2,0.2,0.5,14,62,10,0.00,0.00,0.00,0.00,0.02,0.05,0.02
63,Willy Boly,ci CIV,DF,Nott'ham Forest,31,11,7.6,0,1,1,0,0,0.0,0.0,0.2,1,12,0,0.00,0.13,0.13,0.00,0.01,0.03,0.01
64,Sven Botman,nl NED,DF,Newcastle Utd,22,36,34.7,0,0,0,0,0,2.5,2.5,1.0,8,87,5,0.00,0.00,0.00,0.00,0.07,0.03,0.07
65,Jarrod Bowen,eng ENG,"FW,MF",West Ham,25,38,35.9,6,5,11,5,1,8.9,7.8,7.4,101,72,213,0.17,0.14,0.31,0.14,0.25,0.20,0.22
66,James Bree,eng ENG,DF,Southampton,24,5,4.1,0,0,0,0,0,0.0,0.0,0.2,4,5,12,0.00,0.00,0.00,0.00,0.01,0.06,0.01
67,Armando Broja,al ALB,FW,Chelsea,20,12,3.3,1,0,1,1,0,0.8,0.8,0.1,8,4,17,0.31,0.00,0.31,0.31,0.26,0.02,0.26
68,David Brooks,wls WAL,"FW,MF",Bournemouth,25,6,1.9,0,0,0,0,0,0.3,0.3,0.2,5,11,10,0.00,0.00,0.00,0.00,0.13,0.11,0.13
69,Lewis Brunt,eng ENG,DF,Leicester City,21,1,0.3,0,0,0,0,0,0.0,0.0,0.0,0,0,2,0.00,0.00,0.00,0.00,0.00,0.00,0.00
70,Emi Buendía,ar ARG,"MF,FW",Aston Villa,25,38,26.8,5,2,7,5,0,6.3,6.3,5.7,60,138,137,0.19,0.07,0.26,0.19,0.24,0.21,0.24
71,Hugo Bueno,es ESP,DF,Wolves,19,21,14.6,0,1,1,0,0,0.2,0.2,1.3,52,39,64,0.00,0.07,0.07,0.00,0.01,0.09,0.01
72,Facundo Buonanotte,ar ARG,"FW,MF",Brighton,17,13,6.3,1,1,2,1,0,1.4,1.4,0.5,9,13,42,0.16,0.16,0.32,0.16,0.22,0.09,0.22
73,Dan Burn,eng ENG,DF,Newcastle Utd,30,38,34.6,1,0,1,1,0,2.1,2.1,1.3,29,118,46,0.03,0.00,0.03,0.03,0.06,0.04,0.06
74,Cafú,pt POR,MF,Nott'ham Forest,29,1,0.1,0,0,0,0,0,0.0,0.0,0.0,0,1,0,0.00,0.00,0.00,0.00,0.00,0.00,0.00
75,Moisés Caicedo,ec ECU,MF,Brighton,20,37,34.9,1,1,2,1,0,1.7,1.7,2.7,38,219,61,0.03,0.03,0.06,0.03,0.05,0.08,0.05
76,Tom Cairney,sct SCO,MF,Fulham,31,33,11.0,2,0,2,2,0,1.5,1.5,1.4,34,92,57,0.18,0.00,0.18,0.18,0.13,0.13,0.13
77,Duje Ćaleta-Car,hr CRO,DF,Southampton,25,13,10.5,1,0,1,1,0,0.8,0.8,0.0,5,33,0,0.10,0.00,0.10,0.10,0.08,0.00,0.08
78,Dominic Calvert-Lewin,eng ENG,FW,Everton,25,17,12.9,2,1,3,1,1,5.8,5.0,0.8,18,15,56,0.15,0.08,0.23,0.08,0.45,0.06,0.39
79,Chem Campbell,wls WAL,"FW,MF",Wolves,19,5,0.8,0,0,0,0,0,0.1,0.1,0.0,2,4,10,0.00,0.00,0.00,0.00,0.12,0.00,0.12
80,João Cancelo,pt POR,DF,Manchester City,28,17,14.2,2,1,3,2,0,0.8,0.8,0.9,73,106,125,0.14,0.07,0.21,0.14,0.06,0.06,0.06
81,Thomas Cannon,ie IRL,FW,Everton,19,2,0.3,0,0,0,0,0,0.1,0.1,0.5,1,0,2,0.00,0.00,0.00,0.00,0.32,1.95,0.32
82,Sergi Canós,es ESP,"FW,DF",Brentford,25,5,0.9,0,0,0,0,0,0.1,0.1,0.0,4,2,7,0.00,0.00,0.00,0.00,0.09,0.03,0.09
83,Diego Carlos,br BRA,DF,Aston Villa,29,3,2.3,0,0,0,0,0,0.4,0.4,0.0,1,11,0,0.00,0.00,0.00,0.00,0.16,0.02,0.16
84,Fabio Carvalho,pt POR,"MF,FW",Liverpool,19,13,3.9,2,0,2,2,0,1.1,1.1,0.1,9,12,26,0.52,0.00,0.52,0.52,0.29,0.03,0.29
85,Casemiro,br BRA,MF,Manchester Utd,30,28,23.6,4,3,7,4,0,3.4,3.4,3.1,14,152,34,0.17,0.13,0.30,0.17,0.14,0.13,0.14
86,Matty Cash,pl POL,DF,Aston Villa,24,26,20.2,0,1,1,0,0,0.2,0.2,0.7,42,75,57,0.00,0.05,0.05,0.00,0.01,0.04,0.01
87,Timothy Castagne,be BEL,DF,Leicester City,26,37,36.2,2,3,5,2,0,2.2,2.2,2.6,39,106,149,0.06,0.08,0.14,0.06,0.06,0.07,0.06
88,Jonny Castro,es ESP,DF,Wolves,28,18,14.0,1,0,1,1,0,0.3,0.3,1.0,24,70,46,0.07,0.00,0.07,0.07,0.02,0.07,0.02
89,Julio César Enciso,py PAR,"FW,MF",Brighton,18,20,9.0,4,2,6,4,0,4.0,4.0,1.7,39,31,74,0.45,0.22,0.67,0.45,0.45,0.19,0.45
90,Nathaniel Chalobah,eng ENG,MF,Fulham,27,4,0.1,0,0,0,0,0,0.1,0.1,0.0,0,0,0,0.00,0.00,0.00,0.00,0.71,0.00,0.71
91,Trevoh Chalobah,eng ENG,DF,Chelsea,23,25,17.9,0,0,0,0,0,0.9,0.9,0.3,17,71,27,0.00,0.00,0.00,0.00,0.05,0.02,0.05
92,Calum Chambers,eng ENG,"DF,MF",Aston Villa,27,14,3.9,0,0,0,0,0,0.1,0.1,0.3,6,16,2,0.00,0.00,0.00,0.00,0.03,0.07,0.03
93,Shea Charles,nir NIR,DF,Manchester City,18,1,0.3,0,0,0,0,0,0.0,0.0,0.0,1,1,0,0.00,0.00,0.00,0.00,0.00,0.00,0.00
94,Ben Chilwell,eng ENG,"DF,MF",Chelsea,25,23,15.6,2,2,4,2,0,1.4,1.4,2.2,43,41,131,0.13,0.13,0.26,0.13,0.09,0.14,0.09
95,Ryan Christie,sct SCO,"MF,FW",Bournemouth,27,32,20.4,1,1,2,1,0,2.8,2.8,2.4,39,71,71,0.05,0.05,0.10,0.05,0.14,0.12,0.14
96,Carney Chukwuemeka,eng ENG,"MF,FW",Chelsea,18,14,3.9,0,0,0,0,0,0.4,0.4,0.6,21,23,21,0.00,0.00,0.00,0.00,0.10,0.16,0.10
97,Bobby Clark,eng ENG,MF,Liverpool,17,1,0.1,0,0,0,0,0,0.0,0.0,0.0,0,1,2,0.00,0.00,0.00,0.00,0.00,0.00,0.00
98,Nathaniel Clyne,eng ENG,DF,Crystal Palace,31,22,18.2,0,0,0,0,0,0.0,0.0,0.7,14,52,29,0.00,0.00,0.00,0.00,0.00,0.04,0.00
99,Conor Coady,eng ENG,DF,Everton,29,24,23.3,1,1,2,1,0,0.8,0.8,0.3,4,43,1,0.04,0.04,0.09,0.04,0.04,0.01,0.04
100,Jack Colback,eng ENG,MF,Nott'ham Forest,32,11,5.5,0,0,0,0,0,0.0,0.0,0.2,5,16,3,0.00,0.00,0.00,0.00,0.00,0.03,0.00
101,Séamus Coleman,ie IRL,DF,Everton,33,23,18.4,1,0,1,1,0,0.4,0.4,0.9,13,61,37,0.05,0.00,0.05,0.05,0.02,0.05,0.02
102,Nathan Collins,ie IRL,DF,Wolves,21,26,20.2,0,0,0,0,0,0.2,0.2,0.1,11,64,5,0.00,0.00,0.00,0.00,0.01,0.00,0.01
103,Levi Colwill,eng ENG,DF,Brighton,19,17,13.6,0,2,2,0,0,1.4,1.4,0.5,16,70,3,0.00,0.15,0.15,0.00,0.10,0.04,0.10
104,Lewis Cook,eng ENG,MF,Bournemouth,25,28,19.1,0,2,2,0,0,0.2,0.2,2.5,9,63,10,0.00,0.10,0.10,0.00,0.01,0.13,0.01
105,Steve Cook,eng ENG,DF,Nott'ham Forest,31,12,10.6,0,0,0,0,0,0.1,0.1,0.6,1,19,0,0.00,0.00,0.00,0.00,0.01,0.05,0.01
106,Liam Cooper,sct SCO,DF,Leeds United,30,18,15.8,1,0,1,1,0,1.0,1.0,0.7,3,47,2,0.06,0.00,0.06,0.06,0.06,0.05,0.06
107,Maxwel Cornet,ci CIV,FW,West Ham,25,14,2.7,0,0,0,0,0,1.3,1.3,0.1,9,5,26,0.00,0.00,0.00,0.00,0.47,0.02,0.47
108,Diego Costa,es ESP,FW,Wolves,33,23,13.8,1,0,1,1,0,3.2,3.2,0.7,19,13,60,0.07,0.00,0.07,0.07,0.23,0.05,0.23
109,Vladimír Coufal,cz CZE,DF,West Ham,29,27,23.7,0,1,1,0,0,0.3,0.3,2.5,53,82,109,0.00,0.04,0.04,0.00,0.01,0.10,0.01
110,Philippe Coutinho,br BRA,"MF,FW",Aston Villa,30,20,8.8,1,0,1,1,0,1.4,1.4,0.5,18,48,68,0.11,0.00,0.11,0.11,0.16,0.05,0.16
111,Conor Coventry,ie IRL,"MF,FW",West Ham,22,1,0.0,0,0,0,0,0,0.0,0.0,0.0,0,0,0,0.00,0.00,0.00,0.00,0.00,0.00,0.00
112,Matthew Craig,sct SCO,MF,Tottenham,19,1,0.2,0,0,0,0,0,0.0,0.0,0.0,0,0,0,0.00,0.00,0.00,0.00,0.00,0.00,0.00
113,Aaron Cresswell,eng ENG,DF,West Ham,32,28,24.8,0,1,1,0,0,0.3,0.3,3.7,35,145,82,0.00,0.04,0.04,0.00,0.01,0.15,0.01
114,Marc Cucurella,es ESP,DF,Chelsea,24,24,18.6,0,2,2,0,0,0.4,0.4,0.6,30,73,65,0.00,0.11,0.11,0.00,0.02,0.03,0.02
115,Matheus Cunha,br BRA,FW,Wolves,23,17,10.7,2,0,2,2,0,2.0,2.0,0.6,16,14,43,0.19,0.00,0.19,0.19,0.19,0.05,0.19
116,Patson Daka,zm ZAM,FW,Leicester City,23,30,13.2,4,4,8,4,0,3.5,3.5,2.8,18,17,82,0.30,0.30,0.61,0.30,0.27,0.21,0.27
117,Diogo Dalot,pt POR,DF,Manchester Utd,23,26,23.9,1,2,3,1,0,2.5,2.5,1.9,46,92,85,0.04,0.08,0.13,0.04,0.10,0.08,0.10
118,Mikkel Damsgaard,dk DEN,"MF,FW",Brentford,22,26,11.0,0,0,0,0,0,2.6,2.6,1.4,9,44,45,0.00,0.00,0.00,0.00,0.24,0.13,0.24
119,Danilo,br BRA,MF,Nott'ham Forest,21,13,10.8,3,2,5,3,0,1.5,1.5,0.7,13,34,22,0.28,0.18,0.46,0.28,0.14,0.07,0.14
120,Arnaut Danjuma,nl NED,"FW,MF",Tottenham,25,9,1.9,1,0,1,1,0,0.8,0.8,0.0,5,2,19,0.53,0.00,0.53,0.53,0.41,0.02,0.41
121,Josh Dasilva,eng ENG,MF,Brentford,23,36,15.4,4,2,6,4,0,1.5,1.5,1.5,60,62,69,0.26,0.13,0.39,0.26,0.10,0.09,0.10
122,David Datro Fofana,ci CIV,FW,Chelsea,19,3,0.8,0,0,0,0,0,0.2,0.2,0.1,2,2,9,0.00,0.00,0.00,0.00,0.31,0.17,0.31
123,Ben Davies,wls WAL,DF,Tottenham,29,31,25.4,2,2,4,2,0,1.0,1.0,2.5,39,107,69,0.08,0.08,0.16,0.08,0.04,0.10,0.04
124,Tom Davies,eng ENG,MF,Everton,24,19,6.0,0,0,0,0,0,1.2,1.2,0.2,2,30,13,0.00,0.00,0.00,0.00,0.19,0.03,0.19
125,Craig Dawson,eng ENG,DF,West Ham,32,8,8.0,0,0,0,0,0,0.5,0.5,0.1,0,18,1,0.00,0.00,0.00,0.00,0.06,0.01,0.06
126,Craig Dawson,eng ENG,DF,Wolves,32,17,15.7,1,0,1,1,0,1.0,1.0,0.0,5,44,1,0.06,0.00,0.06,0.06,0.06,0.00,0.06
127,Kevin De Bruyne,be BEL,MF,Manchester City,31,32,26.9,7,16,23,7,0,5.6,5.6,13.7,100,246,245,0.26,0.60,0.86,0.26,0.21,0.51,0.21
128,Siriki Dembélé,ci CIV,"FW,MF",Bournemouth,25,6,1.2,0,0,0,0,0,0.2,0.2,0.3,5,4,11,0.00,0.00,0.00,0.00,0.15,0.25,0.15
129,Leander Dendoncker,be BEL,MF,Aston Villa,27,20,7.7,0,0,0,0,0,0.1,0.1,0.5,1,18,2,0.00,0.00,0.00,0.00,0.01,0.06,0.01
130,Leander Dendoncker,be BEL,MF,Wolves,27,4,2.4,0,0,0,0,0,0.7,0.7,0.0,1,6,3,0.00,0.00,0.00,0.00,0.27,0.02,0.27
131,Emmanuel Dennis,ng NGA,"FW,MF",Nott'ham Forest,24,19,8.0,2,2,4,2,0,1.9,1.9,0.6,24,17,63,0.25,0.25,0.50,0.25,0.23,0.07,0.23
132,Halil Dervişoğlu,tr TUR,MF,Brentford,22,1,0.1,0,0,0,0,0,0.0,0.0,0.0,0,0,0,0.00,0.00,0.00,0.00,0.31,0.00,0.31
133,Kiernan Dewsbury-Hall,eng ENG,MF,Leicester City,23,31,25.6,2,2,4,2,0,2.4,2.4,3.3,68,132,91,0.08,0.08,0.16,0.08,0.09,0.13,0.09
134,Ibrahima Diallo,fr FRA,MF,Southampton,23,18,9.1,0,0,0,0,0,0.2,0.2,0.1,9,28,6,0.00,0.00,0.00,0.00,0.02,0.01,0.02
135,Rúben Dias,pt POR,DF,Manchester City,25,26,22.2,0,0,0,0,0,1.3,1.3,0.6,14,98,2,0.00,0.00,0.00,0.00,0.06,0.03,0.06
136,Luis Díaz,co COL,FW,Liverpool,25,17,11.1,4,2,6,4,0,2.5,2.5,1.5,39,49,116,0.36,0.18,0.54,0.36,0.22,0.14,0.22
137,Eric Dier,eng ENG,DF,Tottenham,28,33,31.3,2,1,3,2,0,1.6,1.6,1.2,9,87,14,0.06,0.03,0.10,0.06,0.05,0.04,0.05
138,Lucas Digne,fr FRA,DF,Aston Villa,29,28,16.7,1,0,1,1,0,0.4,0.4,1.9,29,57,89,0.06,0.00,0.06,0.06,0.02,0.11,0.02
139,Issa Diop,fr FRA,DF,Fulham,25,25,22.4,1,0,1,1,0,0.3,0.3,0.4,13,70,4,0.04,0.00,0.04,0.04,0.01,0.02,0.01
140,Moussa Djenepo,ml MLI,"DF,FW",Southampton,24,16,7.9,0,2,2,0,0,0.2,0.2,0.5,27,19,39,0.00,0.25,0.25,0.00,0.02,0.06,0.02
141,Ben Doak,sct SCO,FW,Liverpool,16,2,0.3,0,0,0,0,0,0.0,0.0,0.0,1,1,4,0.00,0.00,0.00,0.00,0.00,0.00,0.00
142,Matt Doherty,ie IRL,"DF,MF",Tottenham,30,12,7.4,1,0,1,1,0,0.8,0.8,0.3,16,20,57,0.13,0.00,0.13,0.13,0.10,0.04,0.10
143,Gabriel Dos Santos,br BRA,DF,Arsenal,24,38,37.9,3,0,3,3,0,5.1,5.1,0.3,18,153,16,0.08,0.00,0.08,0.08,0.13,0.01,0.13
144,Abdoulaye Doucouré,ml MLI,MF,Everton,29,25,17.0,5,2,7,5,0,2.4,2.4,2.2,23,38,66,0.29,0.12,0.41,0.29,0.14,0.13,0.14
145,Cheick Doucouré,ml MLI,MF,Crystal Palace,22,34,30.8,0,3,3,0,0,1.4,1.4,1.9,18,140,17,0.00,0.10,0.10,0.00,0.05,0.06,0.05
146,Flynn Downes,eng ENG,MF,West Ham,23,21,8.5,0,0,0,0,0,0.4,0.4,0.1,3,22,11,0.00,0.00,0.00,0.00,0.05,0.01,0.05
147,Kami Doyle,eng ENG,MF,Southampton,16,1,0.1,0,0,0,0,0,0.0,0.0,0.0,0,0,0,0.00,0.00,0.00,0.00,0.00,0.00,0.00
148,Cody Drameh,eng ENG,DF,Leeds United,20,1,0.8,0,0,0,0,0,0.0,0.0,0.0,0,2,3,0.00,0.00,0.00,0.00,0.00,0.00,0.00
149,Martin Dúbravka,sk SVK,GK,Newcastle Utd,33,2,1.7,0,0,0,0,0,0.0,0.0,0.0,0,0,0,0.00,0.00,0.00,0.00,0.00,0.00,0.00
150,Shane Duffy,ie IRL,"DF,FW",Fulham,30,5,0.2,0,0,0,0,0,0.2,0.2,0.0,0,0,0,0.00,0.00,0.00,0.00,0.70,0.00,0.70
151,Lewis Dunk,eng ENG,DF,Brighton,30,36,36.0,1,0,1,1,0,1.7,1.7,1.0,19,158,5,0.03,0.00,0.03,0.03,0.05,0.03,0.05
152,Jhon Durán,co COL,"FW,MF",Aston Villa,18,12,1.5,0,0,0,0,0,0.6,0.6,0.0,4,4,13,0.00,0.00,0.00,0.00,0.37,0.02,0.37
153,Malcolm Ebiowei,eng ENG,"MF,FW",Crystal Palace,18,3,0.4,0,0,0,0,0,0.0,0.0,0.0,2,2,9,0.00,0.00,0.00,0.00,0.00,0.00,0.00
154,Ederson,br BRA,GK,Manchester City,28,35,35.0,0,1,1,0,0,0.0,0.0,0.2,0,0,0,0.00,0.03,0.03,0.00,0.00,0.01,0.00
155,Odsonne Édouard,fr FRA,FW,Crystal Palace,24,35,20.0,5,2,7,5,0,4.2,4.2,1.2,29,32,100,0.25,0.10,0.35,0.25,0.21,0.06,0.21
156,Samuel Edozie,eng ENG,"FW,MF",Southampton,19,17,6.3,0,0,0,0,0,0.9,0.9,0.4,26,13,39,0.00,0.00,0.00,0.00,0.14,0.06,0.14
157,Anthony Elanga,se SWE,FW,Manchester Utd,20,16,4.7,0,1,1,0,0,0.7,0.7,0.9,12,8,28,0.00,0.21,0.21,0.00,0.15,0.19,0.15
158,Harvey Elliott,eng ENG,"MF,FW",Liverpool,19,32,17.9,1,2,3,1,0,2.1,2.1,3.6,54,142,129,0.06,0.11,0.17,0.06,0.12,0.20,0.12
159,Mohamed Elneny,eg EGY,MF,Arsenal,30,5,1.3,0,0,0,0,0,0.0,0.0,0.0,1,2,1,0.00,0.00,0.00,0.00,0.00,0.00,0.00
160,Mohamed Elyounoussi,no NOR,"MF,FW",Southampton,27,33,24.1,1,1,2,1,0,3.5,3.5,2.1,56,50,98,0.04,0.04,0.08,0.04,0.15,0.09,0.15
161,Emerson,br BRA,DF,Tottenham,23,26,19.3,2,1,3,2,0,1.7,1.7,0.6,47,80,103,0.10,0.05,0.16,0.10,0.09,0.03,0.09
162,Christian Eriksen,dk DEN,MF,Manchester Utd,30,28,22.8,1,8,9,1,0,5.0,5.0,4.2,23,164,66,0.04,0.35,0.40,0.04,0.22,0.19,0.22
163,Pervis Estupiñán,ec ECU,DF,Brighton,24,35,29.7,1,5,6,1,0,1.7,1.7,5.4,91,157,183,0.03,0.17,0.20,0.03,0.06,0.18,0.06
164,Jonny Evans,nir NIR,DF,Leicester City,34,13,11.7,0,0,0,0,0,0.2,0.2,0.0,6,35,0,0.00,0.00,0.00,0.00,0.01,0.00,0.01
165,Eberechi Eze,eng ENG,"MF,FW",Crystal Palace,24,38,29.3,10,4,14,9,1,7.3,6.5,4.3,69,131,129,0.34,0.14,0.48,0.31,0.25,0.15,0.22
166,Łukasz Fabiański,pl POL,GK,West Ham,37,36,34.6,0,0,0,0,0,0.0,0.0,0.0,0,0,0,0.00,0.00,0.00,0.00,0.00,0.00,0.00
167,Fabinho,br BRA,MF,Liverpool,28,36,29.7,0,2,2,0,0,0.7,0.7,2.1,15,161,39,0.00,0.07,0.07,0.00,0.02,0.07,0.02
168,Wout Faes,be BEL,DF,Leicester City,24,31,31.0,1,2,3,1,0,1.2,1.2,0.6,11,74,2,0.03,0.06,0.10,0.03,0.04,0.02,0.04
169,Felipe,br BRA,DF,Nott'ham Forest,33,16,15.8,0,1,1,0,0,1.2,1.2,0.9,3,22,4,0.00,0.06,0.06,0.00,0.07,0.06,0.07
170,João Félix,pt POR,"FW,MF",Chelsea,22,16,10.5,4,0,4,4,0,4.9,4.9,0.5,34,47,79,0.38,0.00,0.38,0.38,0.47,0.05,0.47
171,Evan Ferguson,ie IRL,FW,Brighton,17,19,10.6,6,2,8,6,0,5.3,5.3,0.7,11,14,58,0.57,0.19,0.76,0.57,0.51,0.07,0.51
172,Bruno Fernandes,pt POR,"MF,FW",Manchester Utd,27,37,36.8,8,8,16,6,2,9.3,7.7,16.7,89,263,231,0.22,0.22,0.43,0.16,0.25,0.45,0.21
173,Enzo Fernández,ar ARG,MF,Chelsea,21,18,17.2,0,2,2,0,0,0.8,0.8,2.4,22,168,18,0.00,0.12,0.12,0.00,0.05,0.14,0.05
174,Roberto Firmino,br BRA,"FW,MF",Liverpool,30,25,13.5,11,4,15,11,0,5.5,5.5,2.5,16,78,96,0.82,0.30,1.11,0.82,0.41,0.19,0.41
175,Junior Firpo,es ESP,DF,Leeds United,25,19,15.2,1,1,2,1,0,0.1,0.1,0.8,20,54,34,0.07,0.07,0.13,0.07,0.01,0.05,0.01
176,Phil Foden,eng ENG,FW,Manchester City,22,32,20.5,11,6,17,11,0,5.9,5.9,4.7,68,88,275,0.54,0.29,0.83,0.54,0.29,0.23,0.29
177,Wesley Fofana,fr FRA,DF,Leicester City,21,2,2.0,0,0,0,0,0,0.1,0.1,0.0,3,6,1,0.00,0.00,0.00,0.00,0.06,0.00,0.06
178,Wesley Fofana,fr FRA,DF,Chelsea,21,15,13.1,1,0,1,1,0,0.7,0.7,0.1,29,43,12,0.08,0.00,0.08,0.08,0.05,0.00,0.05
179,Pablo Fornals,es ESP,"FW,MF",West Ham,26,32,16.7,3,1,4,3,0,2.2,2.2,1.7,33,89,101,0.18,0.06,0.24,0.18,0.13,0.10,0.13
180,Adam Forshaw,eng ENG,MF,Leeds United,30,12,5.3,0,0,0,0,0,0.0,0.0,0.9,4,33,7,0.00,0.00,0.00,0.00,0.01,0.17,0.01
181,Fraser Forster,eng ENG,GK,Tottenham,34,14,13.5,0,0,0,0,0,0.0,0.0,0.0,0,0,0,0.00,0.00,0.00,0.00,0.00,0.00,0.00
182,Tyrese Francois,au AUS,FW,Fulham,22,1,0.0,0,0,0,0,0,0.0,0.0,0.0,0,0,1,0.00,0.00,0.00,0.00,0.00,0.00,0.00
183,Ryan Fraser,sct SCO,FW,Newcastle Utd,28,8,3.5,0,0,0,0,0,0.3,0.3,0.4,8,9,23,0.00,0.00,0.00,0.00,0.09,0.11,0.09
184,Fred,br BRA,MF,Manchester Utd,29,35,13.9,2,2,4,2,0,2.0,2.0,2.9,10,76,50,0.14,0.14,0.29,0.14,0.14,0.21,0.14
185,Ryan Fredericks,eng ENG,DF,Bournemouth,29,12,5.9,0,0,0,0,0,0.0,0.0,0.1,13,15,28,0.00,0.00,0.00,0.00,0.00,0.02,0.00
186,Remo Freuler,ch SUI,MF,Nott'ham Forest,30,28,24.0,0,0,0,0,0,0.4,0.4,0.8,7,54,11,0.00,0.00,0.00,0.00,0.02,0.03,0.02
187,Cody Gakpo,nl NED,"FW,MF",Liverpool,23,21,16.2,7,2,9,7,0,6.2,6.2,2.7,36,50,109,0.43,0.12,0.56,0.43,0.38,0.17,0.38
188,Conor Gallagher,eng ENG,MF,Chelsea,22,35,18.0,3,1,4,3,0,2.5,2.5,2.3,40,105,104,0.17,0.06,0.22,0.17,0.14,0.13,0.14
189,Idrissa Gana Gueye,sn SEN,MF,Everton,32,33,28.6,0,1,1,0,0,0.7,0.7,1.1,27,98,19,0.00,0.03,0.03,0.00,0.03,0.04,0.03
190,Alejandro Garnacho,ar ARG,"FW,MF",Manchester Utd,18,19,6.3,3,2,5,3,0,3.0,3.0,1.0,33,12,85,0.47,0.32,0.79,0.47,0.48,0.16,0.48
191,James Garner,eng ENG,"MF,DF",Everton,21,16,8.9,0,1,1,0,0,0.8,0.8,0.5,8,33,18,0.00,0.11,0.11,0.00,0.09,0.06,0.09
192,David de Gea,es ESP,GK,Manchester Utd,31,38,38.0,0,0,0,0,0,0.0,0.0,0.1,0,0,0,0.00,0.00,0.00,0.00,0.00,0.00,0.00
193,Joe Gelhardt,eng ENG,FW,Leeds United,20,15,2.4,0,2,2,0,0,0.8,0.8,0.5,2,6,21,0.00,0.85,0.85,0.00,0.36,0.20,0.36
194,Saman Ghoddos,ir IRN,"MF,FW",Brentford,28,15,1.5,0,0,0,0,0,0.0,0.0,0.4,1,8,6,0.00,0.00,0.00,0.00,0.03,0.27,0.03
195,Morgan Gibbs-White,eng ENG,"FW,MF",Wolves,22,2,2.0,0,0,0,0,0,0.7,0.7,0.1,4,12,12,0.00,0.00,0.00,0.00,0.36,0.04,0.36
196,Morgan Gibbs-White,eng ENG,"MF,FW",Nott'ham Forest,22,35,33.0,5,8,13,3,2,6.0,4.4,8.2,69,131,157,0.15,0.24,0.39,0.09,0.18,0.25,0.13
197,Bryan Gil,es ESP,"MF,FW",Tottenham,21,4,1.6,0,1,1,0,0,0.1,0.1,0.2,4,5,15,0.00,0.61,0.61,0.00,0.06,0.11,0.06
198,Billy Gilmour,sct SCO,MF,Brighton,21,14,5.6,0,1,1,0,0,0.5,0.5,0.2,5,35,4,0.00,0.18,0.18,0.00,0.09,0.04,0.09
199,Degnand Gnonto,it ITA,"FW,MF",Leeds United,18,24,15.0,2,4,6,2,0,1.8,1.8,2.2,66,35,136,0.13,0.27,0.40,0.13,0.12,0.15,0.12
200,Ben Godfrey,eng ENG,DF,Everton,24,13,8.9,0,1,1,0,0,1.2,1.2,0.2,9,19,7,0.00,0.11,0.11,0.00,0.14,0.02,0.14
201,João Gomes,br BRA,MF,Wolves,21,11,7.3,1,0,1,1,0,0.3,0.3,0.2,7,19,8,0.14,0.00,0.14,0.14,0.04,0.02,0.04
202,Toti Gomes,pt POR,DF,Wolves,23,17,10.9,1,0,1,1,0,0.4,0.4,0.3,4,27,23,0.09,0.00,0.09,0.09,0.04,0.02,0.04
203,Joe Gomez,eng ENG,DF,Liverpool,25,21,16.3,0,0,0,0,0,0.2,0.2,0.2,15,108,5,0.00,0.00,0.00,0.00,0.01,0.01,0.01
204,Sergio Gómez,es ESP,"DF,MF",Manchester City,21,12,3.9,0,1,1,0,0,0.4,0.4,1.2,10,18,20,0.00,0.26,0.26,0.00,0.09,0.30,0.09
205,Anthony Gordon,eng ENG,"FW,MF",Newcastle Utd,21,16,5.4,1,0,1,1,0,1.7,1.7,0.9,20,15,45,0.18,0.00,0.18,0.18,0.31,0.17,0.31
206,Anthony Gordon,eng ENG,FW,Everton,21,16,12.2,3,0,3,3,0,3.3,3.3,0.6,28,19,67,0.25,0.00,0.25,0.25,0.27,0.05,0.27
207,Demarai Gray,jm JAM,"FW,MF",Everton,26,33,27.9,4,1,5,2,2,6.2,4.7,3.8,94,46,199,0.14,0.04,0.18,0.07,0.22,0.14,0.17
208,Jack Grealish,eng ENG,FW,Manchester City,26,28,22.8,5,7,12,5,0,4.6,4.6,7.1,143,100,310,0.22,0.31,0.53,0.22,0.20,0.31,0.20
209,Sam Greenwood,eng ENG,"MF,FW",Leeds United,20,18,4.7,1,2,3,1,0,0.7,0.7,1.1,7,15,10,0.21,0.42,0.64,0.21,0.15,0.24,0.15
210,Pascal Groß,de GER,"MF,DF",Brighton,31,37,36.0,9,8,17,9,0,5.4,5.4,10.9,62,255,209,0.25,0.22,0.47,0.25,0.15,0.30,0.15
211,Vicente Guaita,es ESP,GK,Crystal Palace,35,27,27.0,0,0,0,0,0,0.0,0.0,0.0,0,1,0,0.00,0.00,0.00,0.00,0.00,0.00,0.00
212,Gonçalo Guedes,pt POR,"FW,MF",Wolves,25,13,7.9,1,1,2,1,0,1.2,1.2,0.5,20,16,54,0.13,0.13,0.25,0.13,0.15,0.06,0.15
213,Marc Guéhi,eng ENG,DF,Crystal Palace,22,37,37.0,1,0,1,1,0,1.5,1.5,0.5,17,106,3,0.03,0.00,0.03,0.03,0.04,0.01,0.04
214,Bruno Guimarães,br BRA,MF,Newcastle Utd,24,32,30.3,4,5,9,4,0,2.8,2.8,4.0,41,222,42,0.13,0.17,0.30,0.13,0.09,0.13,0.09
215,İlkay Gündoğan,de GER,MF,Manchester City,31,31,26.1,8,4,12,8,0,7.5,6.7,3.3,53,170,124,0.31,0.15,0.46,0.31,0.29,0.12,0.26
216,Darko Gyabi,eng ENG,FW,Leeds United,18,1,0.1,0,0,0,0,0,0.1,0.1,0.0,0,2,0,0.00,0.00,0.00,0.00,0.72,0.00,0.72
217,Erling Haaland,no NOR,FW,Manchester City,22,35,30.8,36,8,44,29,7,28.4,23.0,5.3,35,58,151,1.17,0.26,1.43,0.94,0.92,0.17,0.75
218,Lewis Hall,eng ENG,DF,Chelsea,17,9,7.3,0,0,0,0,0,0.9,0.9,2.2,19,25,40,0.00,0.00,0.00,0.00,0.12,0.30,0.12
219,Luke Harris,wls WAL,"MF,FW",Fulham,17,3,0.1,0,0,0,0,0,0.0,0.0,0.0,0,1,0,0.00,0.00,0.00,0.00,0.00,0.00,0.00
220,Jack Harrison,eng ENG,"FW,MF",Leeds United,25,36,30.1,5,7,12,5,0,4.7,4.7,5.1,103,103,255,0.17,0.23,0.40,0.17,0.16,0.17,0.16
221,Kai Havertz,de GER,"FW,MF",Chelsea,23,35,28.5,7,1,8,6,1,11.6,10.8,3.8,59,89,218,0.25,0.04,0.28,0.21,0.41,0.13,0.38
222,Jan Paul van Hecke,nl NED,DF,Brighton,22,8,3.3,0,0,0,0,0,0.6,0.6,0.0,3,21,0,0.00,0.00,0.00,0.00,0.18,0.00,0.18
223,Hwang Hee-chan,kr KOR,"FW,MF",Wolves,26,27,12.6,3,1,4,3,0,2.9,2.9,1.1,25,30,60,0.24,0.08,0.32,0.24,0.23,0.09,0.23
224,Dean Henderson,eng ENG,GK,Nott'ham Forest,25,18,18.0,0,0,0,0,0,0.0,0.0,0.0,0,0,0,0.00,0.00,0.00,0.00,0.00,0.00,0.00
225,Jordan Henderson,eng ENG,MF,Liverpool,32,35,23.0,0,2,2,0,0,1.4,1.4,3.2,37,189,90,0.00,0.09,0.09,0.00,0.06,0.14,0.06
226,Wayne Hennessey,wls WAL,GK,Nott'ham Forest,35,4,3.0,0,0,0,0,0,0.0,0.0,0.0,0,0,0,0.00,0.00,0.00,0.00,0.00,0.00,0.00
227,Rico Henry,eng ENG,DF,Brentford,25,37,36.0,0,2,2,0,0,1.6,1.6,2.7,55,107,111,0.00,0.06,0.06,0.00,0.04,0.07,0.04
228,Son Heung-min,kr KOR,"MF,FW",Tottenham,30,36,32.1,10,6,16,10,0,10.1,10.1,6.5,82,79,196,0.31,0.19,0.50,0.31,0.31,0.20,0.31
229,Aaron Hickey,sct SCO,DF,Brentford,20,26,21.3,0,1,1,0,0,0.4,0.4,0.4,41,81,47,0.00,0.05,0.05,0.00,0.02,0.02,0.02
230,Jack Hinshelwood,eng ENG,FW,Brighton,17,1,0.0,0,0,0,0,0,0.0,0.0,0.0,0,0,1,0.00,0.00,0.00,0.00,0.00,0.00,0.00
231,Joseph Hodge,ie IRL,MF,Wolves,19,6,1.9,0,0,0,0,0,0.3,0.3,0.1,1,8,5,0.00,0.00,0.00,0.00,0.13,0.03,0.13
232,Rob Holding,eng ENG,DF,Arsenal,26,14,6.3,1,0,1,1,0,0.3,0.3,0.0,3,24,2,0.16,0.00,0.16,0.16,0.05,0.00,0.05
233,Mason Holgate,eng ENG,DF,Everton,25,8,5.6,0,0,0,0,0,1.0,1.0,0.4,4,14,5,0.00,0.00,0.00,0.00,0.18,0.07,0.18
234,Will Hughes,eng ENG,MF,Crystal Palace,27,27,9.4,1,1,2,1,0,0.3,0.3,0.9,14,32,23,0.11,0.11,0.21,0.11,0.04,0.10,0.04
235,Omari Hutchinson,eng ENG,FW,Chelsea,18,1,0.3,0,0,0,0,0,0.0,0.0,0.0,1,0,2,0.00,0.00,0.00,0.00,0.00,0.18,0.00
236,Pierre Højbjerg,dk DEN,MF,Tottenham,26,35,34.8,4,5,9,4,0,2.0,2.0,3.1,46,235,66,0.11,0.14,0.26,0.11,0.06,0.09,0.06
237,Kelechi Iheanacho,ng NGA,"FW,MF",Leicester City,25,28,12.5,5,5,10,4,1,7.1,6.3,4.0,33,27,99,0.40,0.40,0.80,0.32,0.57,0.32,0.51
238,Danny Ings,eng ENG,FW,West Ham,30,17,8.6,2,2,4,2,0,3.0,3.0,1.0,9,12,44,0.23,0.23,0.46,0.23,0.35,0.12,0.35
239,Danny Ings,eng ENG,FW,Aston Villa,30,18,9.2,6,0,6,4,2,5.3,3.8,1.2,15,12,46,0.66,0.00,0.66,0.44,0.59,0.13,0.41
240,Alexander Isak,se SWE,FW,Newcastle Utd,22,22,16.9,10,1,11,8,2,8.2,6.7,2.2,41,48,122,0.59,0.06,0.65,0.47,0.49,0.13,0.40
241,Daniel Iversen,dk DEN,GK,Leicester City,25,12,12.0,0,0,0,0,0,0.0,0.0,0.0,0,0,0,0.00,0.00,0.00,0.00,0.00,0.00,0.00
242,Alex Iwobi,ng NGA,"MF,FW",Everton,26,38,37.5,2,7,9,2,0,2.5,2.5,6.1,90,194,145,0.05,0.19,0.24,0.05,0.07,0.16,0.07
243,Daniel James,wls WAL,FW,Leeds United,24,4,2.2,0,0,0,0,0,0.3,0.3,0.3,6,3,9,0.00,0.00,0.00,0.00,0.12,0.15,0.12
244,Daniel James,wls WAL,FW,Fulham,24,20,6.9,2,1,3,2,0,1.7,1.7,0.7,24,15,48,0.29,0.14,0.43,0.29,0.25,0.11,0.25
245,Reece James,eng ENG,"DF,MF",Chelsea,22,16,13.8,1,1,2,1,0,1.0,1.0,3.0,52,90,115,0.07,0.07,0.14,0.07,0.07,0.22,0.07
246,Vitaly Janelt,de GER,"MF,DF",Brentford,24,35,24.5,3,1,4,3,0,2.4,2.4,1.4,14,82,28,0.12,0.04,0.16,0.12,0.10,0.06,0.10
247,Pontus Jansson,se SWE,DF,Brentford,31,12,8.0,1,0,1,1,0,0.3,0.3,0.0,1,14,0,0.12,0.00,0.12,0.12,0.04,0.00,0.04
248,Mathias Jensen,dk DEN,MF,Brentford,26,37,31.1,5,6,11,5,0,2.2,2.2,5.0,21,141,77,0.16,0.19,0.35,0.16,0.07,0.16,0.07
249,Gabriel Jesus,br BRA,FW,Arsenal,25,26,22.9,11,6,17,10,1,14.0,13.2,3.9,44,64,194,0.48,0.26,0.74,0.44,0.61,0.17,0.58
250,Raúl Jiménez,mx MEX,FW,Wolves,31,15,9.4,0,1,1,0,0,2.6,2.6,1.7,5,14,45,0.00,0.11,0.11,0.00,0.27,0.18,0.27
251,Joelinton,br BRA,"MF,FW",Newcastle Utd,25,32,29.6,6,1,7,6,0,7.1,7.1,2.4,64,130,150,0.20,0.03,0.24,0.20,0.24,0.08,0.24
252,Ben Johnson,eng ENG,DF,West Ham,22,17,9.6,0,0,0,0,0,0.1,0.1,0.2,15,37,22,0.00,0.00,0.00,0.00,0.01,0.02,0.01
253,Brennan Johnson,wls WAL,"FW,MF",Nott'ham Forest,21,38,32.6,8,3,11,7,1,8.6,6.2,3.2,88,30,155,0.25,0.09,0.34,0.21,0.26,0.10,0.19
254,Sam Johnstone,eng ENG,GK,Crystal Palace,29,9,9.0,0,0,0,0,0,0.0,0.0,0.0,0,0,0,0.00,0.00,0.00,0.00,0.00,0.00,0.00
255,Curtis Jones,eng ENG,MF,Liverpool,21,18,11.5,3,1,4,3,0,1.2,1.2,1.1,31,69,75,0.26,0.09,0.35,0.26,0.10,0.10,0.10
256,Jorginho,it ITA,MF,Arsenal,30,14,9.5,0,1,1,0,0,0.2,0.2,0.2,15,99,8,0.00,0.11,0.11,0.00,0.02,0.02,0.02
257,Jorginho,it ITA,MF,Chelsea,30,18,14.2,2,0,2,0,2,1.7,0.1,0.4,13,80,10,0.14,0.00,0.14,0.00,0.12,0.03,0.01
258,Mateo Joseph,eng ENG,"FW,MF",Leeds United,18,3,0.3,0,0,0,0,0,0.1,0.1,0.0,0,0,2,0.00,0.00,0.00,0.00,0.40,0.00,0.40
259,Diogo Jota,pt POR,FW,Liverpool,25,22,12.6,7,4,11,7,0,6.5,6.5,2.1,34,30,104,0.56,0.32,0.88,0.56,0.52,0.17,0.52
260,Hamed Junior Traorè,ci CIV,"FW,MF",Bournemouth,22,7,4.7,0,0,0,0,0,0.9,0.9,1.1,19,26,21,0.00,0.00,0.00,0.00,0.19,0.24,0.19
261,James Justin,eng ENG,DF,Leicester City,24,14,13.9,0,0,0,0,0,0.3,0.3,0.3,20,47,50,0.00,0.00,0.00,0.00,0.02,0.02,0.02
262,Mathias Jørgensen,dk DEN,DF,Brentford,32,18,12.3,0,0,0,0,0,0.9,0.9,0.2,1,35,1,0.00,0.00,0.00,0.00,0.07,0.01,0.07
263,Sasa Kalajdzic,at AUT,FW,Wolves,25,1,0.5,0,0,0,0,0,0.3,0.3,0.0,0,0,1,0.00,0.00,0.00,0.00,0.53,0.00,0.53
264,Boubacar Kamara,fr FRA,MF,Aston Villa,22,24,19.7,0,1,1,0,0,0.2,0.2,0.8,16,84,8,0.00,0.05,0.05,0.00,0.01,0.04,0.01
265,Harry Kane,eng ENG,FW,Tottenham,29,38,37.8,30,3,33,25,5,21.5,16.7,7.0,60,180,193,0.79,0.08,0.87,0.66,0.57,0.18,0.44
266,N'Golo Kanté,fr FRA,MF,Chelsea,31,7,5.8,0,1,1,0,0,0.3,0.3,1.9,19,34,36,0.00,0.17,0.17,0.00,0.05,0.32,0.05
267,Michael Keane,eng ENG,DF,Everton,29,12,10.9,1,2,3,1,0,1.3,1.3,0.7,2,31,4,0.09,0.18,0.27,0.09,0.12,0.07,0.12
268,Neeskens Kebano,cd COD,FW,Fulham,30,17,8.5,0,3,3,0,0,0.5,0.5,1.5,39,24,68,0.00,0.35,0.35,0.00,0.06,0.18,0.06
269,Thilo Kehrer,de GER,DF,West Ham,25,27,24.8,0,2,2,0,0,0.5,0.5,0.6,15,60,29,0.00,0.08,0.08,0.00,0.02,0.03,0.02
270,Naby Keïta,gn GUI,MF,Liverpool,27,8,3.3,0,0,0,0,0,0.6,0.6,0.7,5,15,21,0.00,0.00,0.00,0.00,0.20,0.22,0.20
271,Caoimhín Kelleher,ie IRL,GK,Liverpool,23,1,1.0,0,0,0,0,0,0.0,0.0,0.0,0,0,0,0.00,0.00,0.00,0.00,0.00,0.00,0.00
272,Lloyd Kelly,eng ENG,DF,Bournemouth,23,23,22.7,0,2,2,0,0,0.2,0.2,0.5,14,47,10,0.00,0.09,0.09,0.00,0.01,0.02,0.01
273,Max Kilman,eng ENG,DF,Wolves,25,37,36.7,0,0,0,0,0,1.3,1.3,0.2,30,127,5,0.00,0.00,0.00,0.00,0.04,0.01,0.04
274,Jakub Kiwior,pl POL,DF,Arsenal,22,7,4.7,1,0,1,1,0,0.1,0.1,0.0,0,6,6,0.21,0.00,0.21,0.21,0.02,0.01,0.02
275,Mateusz Klich,pl POL,"MF,FW",Leeds United,32,14,3.1,0,0,0,0,0,0.2,0.2,0.2,5,16,21,0.00,0.00,0.00,0.00,0.05,0.06,0.05
276,Robin Koch,de GER,DF,Leeds United,26,36,35.3,0,0,0,0,0,1.5,1.5,0.4,11,114,11,0.00,0.00,0.00,0.00,0.04,0.01,0.04
277,Ibrahima Konaté,fr FRA,DF,Liverpool,23,18,17.2,0,0,0,0,0,1.2,1.2,0.1,7,56,5,0.00,0.00,0.00,0.00,0.07,0.01,0.07
278,Ezri Konsa,eng ENG,DF,Aston Villa,24,38,36.9,0,0,0,0,0,1.1,1.1,1.3,7,56,11,0.00,0.00,0.00,0.00,0.03,0.03,0.03
279,Kalidou Koulibaly,sn SEN,DF,Chelsea,31,23,20.0,2,1,3,2,0,0.9,0.9,0.4,10,81,4,0.10,0.05,0.15,0.10,0.05,0.02,0.05
280,Cheikhou Kouyaté,sn SEN,MF,Nott'ham Forest,32,21,9.8,1,0,1,1,0,0.4,0.4,0.7,6,19,14,0.10,0.00,0.10,0.10,0.04,0.07,0.04
281,Mateo Kovačić,hr CRO,MF,Chelsea,28,27,19.0,1,2,3,1,0,1.8,1.8,2.1,37,153,30,0.05,0.11,0.16,0.05,0.09,0.11,0.09
282,Emil Krafth,se SWE,DF,Newcastle Utd,27,1,0.0,0,0,0,0,0,0.0,0.0,0.0,0,0,0,0.00,0.00,0.00,0.00,0.00,0.00,0.00
283,Dejan Kulusevski,se SWE,"MF,FW",Tottenham,22,30,23.0,2,7,9,2,0,2.6,2.6,4.7,87,67,195,0.09,0.30,0.39,0.09,0.11,0.20,0.11
284,Layvin Kurzawa,fr FRA,DF,Fulham,29,3,1.5,0,0,0,0,0,0.0,0.0,0.0,1,2,2,0.00,0.00,0.00,0.00,0.00,0.00,0.00
285,Adam Lallana,eng ENG,"MF,FW",Brighton,34,16,8.0,2,1,3,2,0,0.9,0.9,1.0,10,33,43,0.25,0.12,0.37,0.25,0.11,0.12,0.11
286,Tariq Lamptey,gh GHA,DF,Brighton,21,20,5.0,0,0,0,0,0,0.2,0.2,0.2,28,26,58,0.00,0.00,0.00,0.00,0.04,0.04,0.04
287,Manuel Lanzini,ar ARG,"MF,FW",West Ham,29,10,2.8,1,0,1,1,0,0.5,0.5,0.2,2,19,6,0.36,0.00,0.36,0.36,0.19,0.06,0.19
288,Aymeric Laporte,es ESP,DF,Manchester City,28,12,11.0,0,0,0,0,0,0.5,0.5,0.2,30,85,11,0.00,0.00,0.00,0.00,0.04,0.02,0.04
289,Juan Larios,es ESP,DF,Southampton,18,5,1.7,0,0,0,0,0,0.0,0.0,0.0,10,4,1,0.00,0.00,0.00,0.00,0.00,0.00,0.00
290,Jamaal Lascelles,eng ENG,DF,Newcastle Utd,28,7,2.4,0,0,0,0,0,0.1,0.1,0.0,0,3,0,0.00,0.00,0.00,0.00,0.04,0.00,0.04
291,Roméo Lavia,be BEL,MF,Southampton,18,29,24.7,1,0,1,1,0,0.4,0.4,0.6,22,102,14,0.04,0.00,0.04,0.04,0.02,0.03,0.02
292,Dexter Lembikisa,jm JAM,DF,Wolves,18,1,0.3,0,0,0,0,0,0.0,0.0,0.0,2,3,3,0.00,0.00,0.00,0.00,0.00,0.00,0.00
293,Mario Lemina,ga GAB,MF,Wolves,28,19,14.4,0,1,1,0,0,0.3,0.3,0.3,6,42,9,0.00,0.07,0.07,0.00,0.02,0.02,0.02
294,Clément Lenglet,fr FRA,DF,Tottenham,27,26,22.4,0,2,2,0,0,1.0,1.0,0.6,33,85,7,0.00,0.09,0.09,0.00,0.04,0.03,0.04
295,Bernd Leno,de GER,GK,Fulham,30,36,36.0,0,0,0,0,0,0.0,0.0,0.0,0,0,0,0.00,0.00,0.00,0.00,0.00,0.00,0.00
296,Jefferson Lerma,co COL,MF,Bournemouth,27,37,36.1,5,0,5,5,0,2.6,2.6,2.3,22,142,30,0.14,0.00,0.14,0.14,0.07,0.06,0.07
297,Jamal Lewis,nir NIR,"DF,FW",Newcastle Utd,24,2,0.1,0,0,0,0,0,0.0,0.0,0.0,0,1,1,0.00,0.00,0.00,0.00,0.00,0.00,0.00
298,Rico Lewis,eng ENG,"DF,MF",Manchester City,17,14,10.0,0,0,0,0,0,0.2,0.2,1.5,22,48,26,0.00,0.00,0.00,0.00,0.02,0.15,0.02
299,Keane Lewis-Potter,eng ENG,"FW,MF",Brentford,21,10,3.6,0,1,1,0,0,0.5,0.5,1.2,8,6,39,0.00,0.28,0.28,0.00,0.14,0.35,0.14
300,Victor Lindelöf,se SWE,DF,Manchester Utd,28,20,15.2,0,0,0,0,0,0.3,0.3,0.1,3,36,1,0.00,0.00,0.00,0.00,0.02,0.01,0.02
301,Jesse Lingard,eng ENG,"FW,MF",Nott'ham Forest,29,17,10.3,0,0,0,0,0,1.0,1.0,0.7,11,33,38,0.00,0.00,0.00,0.00,0.10,0.07,0.10
302,Valentino Livramento,eng ENG,"DF,FW",Southampton,19,2,0.3,0,0,0,0,0,0.0,0.0,0.0,0,0,0,0.00,0.00,0.00,0.00,0.00,0.00,0.00
303,Diego Llorente,es ESP,DF,Leeds United,28,8,7.2,0,0,0,0,0,0.7,0.7,0.0,2,27,1,0.00,0.00,0.00,0.00,0.10,0.00,0.10
304,Hugo Lloris,fr FRA,GK,Tottenham,35,25,24.5,0,0,0,0,0,0.0,0.0,0.0,0,0,0,0.00,0.00,0.00,0.00,0.00,0.00,0.00
305,Renan Lodi,br BRA,DF,Nott'ham Forest,24,28,24.6,0,1,1,0,0,1.0,1.0,1.2,24,31,70,0.00,0.04,0.04,0.00,0.04,0.05,0.04
306,Ruben Loftus-Cheek,eng ENG,"MF,DF",Chelsea,26,25,17.1,0,1,1,0,0,0.8,0.8,1.5,56,90,86,0.00,0.06,0.06,0.00,0.05,0.09,0.05
307,Sean Longstaff,eng ENG,MF,Newcastle Utd,24,33,28.0,1,4,5,1,0,3.6,3.6,3.3,21,116,115,0.04,0.14,0.18,0.04,0.13,0.12,0.13
308,Jamal Lowe,jm JAM,"MF,FW",Bournemouth,28,2,0.1,0,0,0,0,0,0.0,0.0,0.0,0,1,0,0.00,0.00,0.00,0.00,0.00,0.00,0.00
309,Douglas Luiz,br BRA,MF,Aston Villa,24,37,32.5,6,6,12,6,0,2.8,2.8,4.4,48,148,35,0.18,0.18,0.37,0.18,0.09,0.14,0.09
310,Saša Lukić,rs SRB,MF,Fulham,25,12,4.6,0,0,0,0,0,0.1,0.1,0.0,8,13,5,0.00,0.00,0.00,0.00,0.03,0.00,0.03
311,Lyanco,br BRA,DF,Southampton,25,21,13.1,1,1,2,1,0,0.6,0.6,0.5,13,35,4,0.08,0.08,0.15,0.08,0.04,0.04,0.04
312,Alexis Mac Allister,ar ARG,MF,Brighton,23,35,32.1,10,2,12,4,6,12.1,7.3,4.3,69,174,77,0.31,0.06,0.37,0.12,0.38,0.13,0.23
313,James Maddison,eng ENG,"MF,FW",Leicester City,25,30,27.6,10,9,19,9,1,8.7,6.6,9.3,77,151,155,0.36,0.33,0.69,0.33,0.31,0.34,0.24
314,Noni Madueke,eng ENG,FW,Chelsea,20,12,7.1,1,0,1,1,0,0.9,0.9,0.5,48,36,100,0.14,0.00,0.14,0.14,0.13,0.07,0.13
315,Harry Maguire,eng ENG,DF,Manchester Utd,29,16,8.5,0,0,0,0,0,0.3,0.3,0.0,8,26,4,0.00,0.00,0.00,0.00,0.04,0.00,0.04
316,Riyad Mahrez,dz ALG,"FW,MF",Manchester City,31,30,21.3,5,10,15,4,1,5.6,4.8,7.0,78,76,242,0.23,0.47,0.70,0.19,0.26,0.33,0.22
317,Kobbie Mainoo,eng ENG,MF,Manchester Utd,17,1,0.1,0,0,0,0,0,0.0,0.0,0.0,2,1,1,0.00,0.00,0.00,0.00,0.00,0.00,0.00
318,Ainsley Maitland-Niles,eng ENG,"DF,MF",Southampton,24,22,15.6,0,0,0,0,0,0.0,0.0,0.7,15,57,35,0.00,0.00,0.00,0.00,0.00,0.05,0.00
319,Tyrell Malacia,nl NED,DF,Manchester Utd,22,22,15.5,0,0,0,0,0,0.2,0.2,0.7,19,44,33,0.00,0.00,0.00,0.00,0.02,0.04,0.02
320,Orel Mangala,be BEL,MF,Nott'ham Forest,24,27,17.2,1,1,2,1,0,0.6,0.6,0.4,14,43,8,0.06,0.06,0.12,0.06,0.03,0.02,0.03
321,Javier Manquillo,es ESP,DF,Newcastle Utd,28,4,0.4,0,0,0,0,0,0.0,0.0,0.0,2,4,1,0.00,0.00,0.00,0.00,0.00,0.00,0.00
322,Sekou Mara,fr FRA,"FW,MF",Southampton,20,22,6.2,1,2,3,1,0,1.0,1.0,0.8,7,7,27,0.16,0.32,0.49,0.16,0.17,0.12,0.17
323,Solly March,eng ENG,"FW,DF",Brighton,28,33,30.2,7,7,14,7,0,8.1,8.1,8.4,110,135,357,0.23,0.23,0.46,0.23,0.27,0.28,0.27
324,Emiliano Marcondes,dk DEN,MF,Bournemouth,27,1,0.1,0,0,0,0,0,0.0,0.0,0.0,0,1,0,0.00,0.00,0.00,0.00,0.00,0.00,0.00
325,Marquinhos,br BRA,MF,Arsenal,19,1,0.0,0,0,0,0,0,0.0,0.0,0.0,0,0,0,0.00,0.00,0.00,0.00,0.00,0.00,0.00
326,Anthony Martial,fr FRA,FW,Manchester Utd,26,21,10.9,6,2,8,5,1,6.2,5.5,1.4,18,35,87,0.55,0.18,0.74,0.46,0.58,0.13,0.50
327,Gabriel Martinelli,br BRA,FW,Arsenal,21,36,31.0,15,5,20,15,0,9.3,9.3,9.1,124,94,350,0.48,0.16,0.65,0.48,0.30,0.29,0.30
328,Emiliano Martínez,ar ARG,GK,Aston Villa,29,36,34.9,0,0,0,0,0,0.0,0.0,0.3,0,0,0,0.00,0.00,0.00,0.00,0.00,0.01,0.00
329,Lisandro Martínez,ar ARG,DF,Manchester Utd,24,27,23.5,1,0,1,1,0,0.5,0.5,0.3,12,83,2,0.04,0.00,0.04,0.04,0.02,0.01,0.02
330,Pape Matar Sarr,sn SEN,"MF,FW",Tottenham,19,11,2.4,0,1,1,0,0,0.1,0.1,0.3,1,13,0,0.00,0.41,0.41,0.00,0.03,0.14,0.03
331,Jean-Philippe Mateta,fr FRA,FW,Crystal Palace,25,29,8.6,2,0,2,2,0,3.4,3.4,0.6,9,6,43,0.23,0.00,0.23,0.23,0.39,0.07,0.39
332,Joël Matip,cm CMR,DF,Liverpool,30,14,12.1,1,0,1,1,0,0.7,0.7,0.3,28,59,2,0.08,0.00,0.08,0.08,0.06,0.02,0.06
333,Neal Maupay,fr FRA,FW,Everton,25,27,12.4,1,0,1,1,0,4.8,4.8,0.6,8,11,61,0.08,0.00,0.08,0.08,0.39,0.05,0.39
334,Kevin Mbabu,ch SUI,"DF,FW",Fulham,27,6,1.6,0,1,1,0,0,0.0,0.0,0.4,4,8,11,0.00,0.62,0.62,0.00,0.00,0.25,0.00
335,Bryan Mbeumo,cm CMR,FW,Brentford,22,38,32.3,9,8,17,8,1,9.8,9.0,7.6,66,88,235,0.28,0.25,0.53,0.25,0.30,0.23,0.28
336,James McArthur,sct SCO,MF,Crystal Palace,34,4,0.6,0,0,0,0,0,0.0,0.0,0.0,0,1,0,0.00,0.00,0.00,0.00,0.00,0.00,0.00
337,Alex McCarthy,eng ENG,GK,Southampton,32,6,6.0,0,0,0,0,0,0.0,0.0,0.0,0,0,0,0.00,0.00,0.00,0.00,0.00,0.00,0.00
338,John McGinn,sct SCO,"MF,FW",Aston Villa,27,34,29.9,1,3,4,1,0,2.4,2.4,2.6,34,140,66,0.03,0.10,0.13,0.03,0.08,0.09,0.08
339,Scott McKenna,sct SCO,DF,Nott'ham Forest,25,20,17.5,0,0,0,0,0,0.1,0.1,1.0,5,35,2,0.00,0.00,0.00,0.00,0.00,0.06,0.00
340,Weston McKennie,us USA,MF,Leeds United,23,19,16.0,0,1,1,0,0,0.8,0.8,0.7,14,82,33,0.00,0.06,0.06,0.00,0.05,0.04,0.05
341,Dwight McNeil,eng ENG,"FW,MF",Everton,22,36,27.8,7,3,10,7,0,3.5,3.5,6.1,76,69,128,0.25,0.11,0.36,0.25,0.13,0.22,0.13
342,Scott McTominay,sct SCO,MF,Manchester Utd,25,24,12.9,1,0,1,1,0,1.9,1.9,0.6,20,33,19,0.08,0.00,0.08,0.08,0.15,0.04,0.15
343,Ben Mee,eng ENG,DF,Brentford,32,37,36.3,3,1,4,3,0,3.2,3.2,1.3,8,84,14,0.08,0.03,0.11,0.08,0.09,0.04,0.09
344,Edouard Mendy,sn SEN,GK,Chelsea,30,10,9.5,0,0,0,0,0,0.0,0.0,0.0,0,0,0,0.00,0.00,0.00,0.00,0.00,0.00,0.00
345,Nampalys Mendy,sn SEN,MF,Leicester City,30,19,8.4,1,0,1,1,0,0.1,0.1,0.0,2,28,4,0.12,0.00,0.12,0.12,0.02,0.00,0.02
346,Chris Mepham,wls WAL,DF,Bournemouth,24,26,24.4,0,0,0,0,0,0.7,0.7,0.2,2,42,1,0.00,0.00,0.00,0.00,0.03,0.01,0.03
347,Illan Meslier,fr FRA,GK,Leeds United,22,34,34.0,0,0,0,0,0,0.1,0.1,0.0,0,0,0,0.00,0.00,0.00,0.00,0.00,0.00,0.00
348,Alex Mighten,eng ENG,FW,Nott'ham Forest,20,1,0.1,0,0,0,0,0,0.0,0.0,0.0,0,0,1,0.00,0.00,0.00,0.00,0.00,0.00,0.00
349,Lewis Miley,eng ENG,MF,Newcastle Utd,16,1,0.2,0,0,0,0,0,0.1,0.1,0.0,0,0,0,0.00,0.00,0.00,0.00,0.42,0.00,0.42
350,Luka Milivojević,rs SRB,MF,Crystal Palace,31,18,5.7,0,0,0,0,0,0.3,0.3,0.2,2,20,2,0.00,0.00,0.00,0.00,0.06,0.03,0.06
351,James Milner,eng ENG,"MF,DF",Liverpool,36,31,10.1,0,1,1,0,0,0.4,0.4,0.9,21,70,78,0.00,0.10,0.10,0.00,0.04,0.09,0.04
352,Yerry Mina,co COL,DF,Everton,27,7,6.6,2,0,2,2,0,1.5,1.5,0.1,1,13,3,0.30,0.00,0.30,0.30,0.22,0.02,0.22
353,Tyrone Mings,eng ENG,DF,Aston Villa,29,35,35.0,1,2,3,1,0,1.2,1.2,1.4,20,111,7,0.03,0.06,0.09,0.03,0.03,0.04,0.03
354,Tyrick Mitchell,eng ENG,DF,Crystal Palace,22,36,32.1,0,2,2,0,0,0.6,0.6,1.2,23,106,90,0.00,0.06,0.06,0.00,0.02,0.04,0.02
355,Kaoru Mitoma,jp JPN,"FW,MF",Brighton,25,33,25.8,7,5,12,7,0,8.1,8.1,6.4,143,90,260,0.27,0.19,0.47,0.27,0.31,0.25,0.31
356,Aleksandar Mitrović,rs SRB,FW,Fulham,27,24,22.3,14,1,15,10,4,14.9,8.6,2.3,24,44,97,0.63,0.04,0.67,0.45,0.67,0.10,0.39
357,Kieffer Moore,wls WAL,FW,Bournemouth,29,27,14.2,4,0,4,4,0,4.4,4.4,0.3,10,23,56,0.28,0.00,0.28,0.28,0.31,0.02,0.31
358,Andrew Moran,ie IRL,FW,Brighton,18,1,0.1,0,0,0,0,0,0.0,0.0,0.0,0,0,1,0.00,0.00,0.00,0.00,0.00,0.00,0.00
359,Álex Moreno,es ESP,DF,Aston Villa,29,19,14.8,0,3,3,0,0,0.6,0.6,3.0,65,37,122,0.00,0.20,0.20,0.00,0.04,0.21,0.04
360,Mason Mount,eng ENG,"MF,FW",Chelsea,23,24,18.3,3,2,5,3,0,2.0,2.0,3.0,48,98,114,0.16,0.11,0.27,0.16,0.11,0.16,0.11
361,Lucas Moura,br BRA,"MF,DF",Tottenham,29,15,1.7,1,0,1,1,0,0.5,0.5,0.3,4,13,15,0.59,0.00,0.59,0.59,0.32,0.20,0.32
362,João Moutinho,pt POR,MF,Wolves,35,31,19.8,0,2,2,0,0,1.3,1.3,2.6,23,132,32,0.00,0.10,0.10,0.00,0.07,0.13,0.07
363,Divin Mubama,eng ENG,FW,West Ham,17,3,0.4,0,0,0,0,0,0.0,0.0,0.0,0,0,1,0.00,0.00,0.00,0.00,0.00,0.07,0.00
364,Mykhailo Mudryk,ua UKR,"FW,MF",Chelsea,21,15,7.3,0,2,2,0,0,1.9,1.9,0.9,25,20,43,0.00,0.27,0.27,0.00,0.25,0.13,0.25
365,Jacob Murphy,eng ENG,FW,Newcastle Utd,27,36,13.9,4,2,6,4,0,3.3,3.3,2.8,66,57,141,0.29,0.14,0.43,0.29,0.24,0.20,0.24
366,Enock Mwepu,zm ZAM,"FW,MF",Brighton,24,6,2.4,0,1,1,0,0,0.2,0.2,0.5,5,6,17,0.00,0.42,0.42,0.00,0.09,0.20,0.09
367,Vitaliy Mykolenko,ua UKR,DF,Everton,23,34,29.5,0,0,0,0,0,0.5,0.5,1.2,31,100,72,0.00,0.00,0.00,0.00,0.02,0.04,0.02
368,Keylor Navas,cr CRC,GK,Nott'ham Forest,35,17,17.0,0,0,0,0,0,0.0,0.0,0.0,0,1,0,0.00,0.00,0.00,0.00,0.00,0.00,0.00
369,Wilfred Ndidi,ng NGA,MF,Leicester City,25,27,18.7,0,0,0,0,0,0.2,0.2,0.1,11,51,7,0.00,0.00,0.00,0.00,0.01,0.00,0.01
370,Reiss Nelson,eng ENG,FW,Arsenal,22,11,2.4,3,2,5,3,0,1.1,1.1,1.4,19,6,34,1.27,0.85,2.12,1.27,0.46,0.58,0.46
371,Neto,br BRA,GK,Bournemouth,33,27,26.5,0,0,0,0,0,0.0,0.0,0.0,0,0,0,0.00,0.00,0.00,0.00,0.00,0.00,0.00
372,Pedro Neto,pt POR,"FW,MF",Wolves,22,18,10.7,0,0,0,0,0,1.1,1.1,2.1,37,24,111,0.00,0.00,0.00,0.00,0.10,0.20,0.10
373,Rúben Neves,pt POR,MF,Wolves,25,35,33.5,6,1,7,3,3,5.2,2.8,1.6,28,218,18,0.18,0.03,0.21,0.09,0.15,0.05,0.08
374,Moussa Niakhate,sn SEN,DF,Nott'ham Forest,26,14,12.9,0,0,0,0,0,0.6,0.6,0.1,2,15,3,0.00,0.00,0.00,0.00,0.05,0.01,0.05
375,Rasmus Nissen,dk DEN,DF,Leeds United,25,26,21.8,3,1,4,3,0,0.8,0.8,1.0,15,89,70,0.14,0.05,0.18,0.14,0.04,0.05,0.04
376,Eddie Nketiah,eng ENG,FW,Arsenal,23,30,12.1,4,1,5,4,0,8.2,8.2,1.3,32,15,82,0.33,0.08,0.41,0.33,0.68,0.11,0.68
377,Matheus Nunes,pt POR,MF,Wolves,23,34,27.4,1,1,2,1,0,2.4,2.4,2.2,59,84,129,0.04,0.04,0.07,0.04,0.09,0.08,0.09
378,Darwin Núñez,uy URU,FW,Liverpool,23,29,18.8,9,3,12,9,0,12.1,12.1,5.4,61,29,181,0.48,0.16,0.64,0.48,0.64,0.28,0.64
379,Ethan Nwaneri,eng ENG,FW,Arsenal,15,1,0.0,0,0,0,0,0,0.0,0.0,0.0,0,0,0,0.00,0.00,0.00,0.00,0.00,0.00,0.00
380,Christian Nørgaard,dk DEN,MF,Brentford,28,22,19.6,1,3,4,1,0,1.6,1.6,3.1,4,73,8,0.05,0.15,0.20,0.05,0.08,0.16,0.08
381,Lewis O'Brien,eng ENG,MF,Nott'ham Forest,23,13,6.5,1,0,1,1,0,0.3,0.3,0.2,13,21,3,0.15,0.00,0.15,0.15,0.05,0.03,0.05
382,Odeluga Offiah,eng ENG,DF,Brighton,19,2,0.3,0,0,0,0,0,0.0,0.0,0.0,1,1,1,0.00,0.00,0.00,0.00,0.00,0.00,0.00
383,Angelo Ogbonna,it ITA,DF,West Ham,34,16,13.7,0,0,0,0,0,0.3,0.3,0.2,0,11,2,0.00,0.00,0.00,0.00,0.02,0.02,0.02
384,Michael Olise,fr FRA,"FW,MF",Crystal Palace,20,37,30.5,2,11,13,2,0,2.9,2.9,8.7,111,133,243,0.07,0.36,0.43,0.07,0.09,0.29,0.09
385,Robin Olsen,se SWE,GK,Aston Villa,32,4,3.1,0,0,0,0,0,0.0,0.0,0.0,0,0,0,0.00,0.00,0.00,0.00,0.00,0.00,0.00
386,Amadou Onana,be BEL,MF,Everton,20,33,27.6,1,2,3,1,0,3.0,3.0,2.6,27,79,49,0.04,0.07,0.11,0.04,0.11,0.09,0.11
387,Josh Onomah,eng ENG,MF,Fulham,25,2,0.2,0,0,0,0,0,0.0,0.0,0.0,1,0,0,0.00,0.00,0.00,0.00,0.00,0.00,0.00
388,Paul Onuachu,ng NGA,FW,Southampton,28,11,4.5,0,0,0,0,0,1.3,1.3,0.1,1,7,22,0.00,0.00,0.00,0.00,0.28,0.03,0.28
389,Frank Onyeka,ng NGA,MF,Brentford,24,21,9.4,0,2,2,0,0,1.0,1.0,0.6,9,28,21,0.00,0.21,0.21,0.00,0.11,0.07,0.11
390,Mislav Oršić,hr CRO,MF,Southampton,29,1,0.1,0,0,0,0,0,0.0,0.0,0.0,0,0,0,0.00,0.00,0.00,0.00,0.00,0.00,0.00
391,Stefan Ortega,de GER,GK,Manchester City,29,3,3.0,0,0,0,0,0,0.0,0.0,0.0,0,0,0,0.00,0.00,0.00,0.00,0.00,0.00,0.00
392,Dango Ouattara,bf BFA,"MF,FW",Bournemouth,20,19,13.8,1,3,4,1,0,3.6,3.6,2.5,39,23,87,0.07,0.22,0.29,0.07,0.26,0.18,0.26
393,Alex Oxlade-Chamberlain,eng ENG,"FW,MF",Liverpool,28,9,3.7,1,0,1,1,0,1.3,1.3,0.9,11,14,28,0.27,0.00,0.27,0.27,0.35,0.23,0.35
394,David Ozoh,eng ENG,FW,Crystal Palace,17,1,0.0,0,0,0,0,0,0.0,0.0,0.0,0,0,0,0.00,0.00,0.00,0.00,0.00,0.00,0.00
395,João Palhinha,pt POR,MF,Fulham,27,35,34.5,3,0,3,3,0,2.9,2.9,0.4,8,101,18,0.09,0.00,0.09,0.09,0.08,0.01,0.08
396,Cole Palmer,eng ENG,"MF,FW",Manchester City,20,14,4.1,0,1,1,0,0,1.2,1.2,0.6,29,13,40,0.00,0.24,0.24,0.00,0.30,0.14,0.30
397,Emerson Palmieri,it ITA,DF,West Ham,27,22,14.7,1,0,1,1,0,0.8,0.8,0.9,39,45,57,0.07,0.00,0.07,0.07,0.05,0.06,0.05
398,Lucas Paquetá,br BRA,MF,West Ham,24,28,23.9,4,3,7,3,1,4.4,3.6,2.5,25,147,63,0.17,0.13,0.29,0.13,0.18,0.10,0.15
399,Thomas Partey,gh GHA,MF,Arsenal,29,33,27.6,3,0,3,3,0,2.2,2.2,1.5,34,231,35,0.11,0.00,0.11,0.11,0.08,0.06,0.08
400,Nathan Patterson,sct SCO,"DF,MF",Everton,20,19,14.2,0,0,0,0,0,0.5,0.5,0.4,16,24,51,0.00,0.00,0.00,0.00,0.03,0.03,0.03
401,Ben Pearson,eng ENG,MF,Bournemouth,27,7,3.2,0,0,0,0,0,0.0,0.0,0.0,2,5,4,0.00,0.00,0.00,0.00,0.01,0.00,0.01
402,Facundo Pellistri,uy URU,"FW,MF",Manchester Utd,20,4,0.7,0,0,0,0,0,0.0,0.0,0.0,1,1,2,0.00,0.00,0.00,0.00,0.00,0.00,0.00
403,Andreas Pereira,br BRA,MF,Fulham,26,33,29.9,4,6,10,3,1,7.3,6.5,5.2,53,121,133,0.13,0.20,0.33,0.10,0.24,0.17,0.22
404,Ricardo Pereira,pt POR,"DF,MF",Leicester City,28,10,5.0,1,1,2,1,0,0.1,0.1,0.6,5,27,14,0.20,0.20,0.40,0.20,0.02,0.12,0.02
405,Ayoze Pérez,es ESP,"MF,FW",Leicester City,29,8,4.2,0,1,1,0,0,1.1,1.1,1.5,17,20,43,0.00,0.24,0.24,0.00,0.27,0.35,0.27
406,Ivan Perišić,hr CRO,"DF,MF",Tottenham,33,34,23.4,1,8,9,1,0,2.6,2.6,6.1,87,61,181,0.04,0.34,0.38,0.04,0.11,0.26,0.11
407,Romain Perraud,fr FRA,DF,Southampton,24,29,20.4,2,2,4,2,0,1.3,1.3,1.9,33,62,122,0.10,0.10,0.20,0.10,0.06,0.09,0.06
408,Máximo Perrone,ar ARG,MF,Manchester City,19,1,0.2,0,0,0,0,0,0.0,0.0,0.0,0,2,1,0.00,0.00,0.00,0.00,0.00,0.00,0.00
409,Cameron Peupion,au AUS,MF,Brighton,19,1,0.1,0,0,0,0,0,0.1,0.1,0.0,0,0,2,0.00,0.00,0.00,0.00,0.90,0.00,0.90
410,Kalvin Phillips,eng ENG,MF,Manchester City,26,12,3.3,0,0,0,0,0,0.3,0.3,0.2,1,18,2,0.00,0.00,0.00,0.00,0.10,0.05,0.10
411,Nathaniel Phillips,eng ENG,DF,Liverpool,25,2,0.7,0,0,0,0,0,0.0,0.0,0.0,0,9,0,0.00,0.00,0.00,0.00,0.06,0.00,0.06
412,Jordan Pickford,eng ENG,GK,Everton,28,37,37.0,0,1,1,0,0,0.0,0.0,0.1,0,2,0,0.00,0.03,0.03,0.00,0.00,0.00,0.00
413,Ethan Pinnock,jm JAM,DF,Brentford,29,30,30.0,3,0,3,3,0,3.0,3.0,1.0,2,52,16,0.10,0.00,0.10,0.10,0.10,0.03,0.10
414,Daniel Podence,pt POR,"FW,MF",Wolves,26,32,19.7,6,0,6,6,0,3.9,3.9,2.5,43,95,148,0.30,0.00,0.30,0.30,0.20,0.13,0.20
415,Nick Pope,eng ENG,GK,Newcastle Utd,30,37,36.2,0,0,0,0,0,0.0,0.0,0.1,0,1,0,0.00,0.00,0.00,0.00,0.00,0.00,0.00
416,Pedro Porro,es ESP,"DF,MF",Tottenham,22,15,12.6,3,3,6,3,0,1.8,1.8,3.0,34,39,95,0.24,0.24,0.48,0.24,0.15,0.24,0.15
417,Dennis Praet,be BEL,"MF,FW",Leicester City,28,22,7.2,1,0,1,1,0,1.0,1.0,0.5,15,17,42,0.14,0.00,0.14,0.14,0.14,0.06,0.14
418,Isaac Price,nir NIR,MF,Everton,18,1,0.4,0,0,0,0,0,0.0,0.0,0.1,1,1,0,0.00,0.00,0.00,0.00,0.00,0.26,0.00
419,Christian Pulisic,us USA,"FW,DF",Chelsea,23,24,9.1,1,1,2,1,0,1.7,1.7,0.7,35,23,76,0.11,0.11,0.22,0.11,0.18,0.07,0.18
420,Aaron Ramsdale,eng ENG,GK,Arsenal,24,38,38.0,0,0,0,0,0,0.0,0.0,0.0,0,8,0,0.00,0.00,0.00,0.00,0.00,0.00,0.00
421,Jacob Ramsey,eng ENG,"MF,FW",Aston Villa,21,35,29.3,6,7,13,6,0,5.0,5.0,5.1,94,98,119,0.20,0.24,0.44,0.20,0.17,0.17,0.17
422,Marcus Rashford,eng ENG,FW,Manchester Utd,24,35,32.0,17,5,22,17,0,15.4,15.4,3.4,85,88,245,0.53,0.16,0.69,0.53,0.48,0.11,0.48
423,David Raya,es ESP,GK,Brentford,26,38,38.0,0,0,0,0,0,0.1,0.1,0.1,0,13,0,0.00,0.00,0.00,0.00,0.00,0.00,0.00
424,Tim Ream,us USA,DF,Fulham,34,33,32.2,1,0,1,1,0,0.3,0.3,0.1,28,142,2,0.03,0.00,0.03,0.03,0.01,0.00,0.01
425,Nathan Redmond,eng ENG,DF,Southampton,28,1,0.0,0,0,0,0,0,0.0,0.0,0.0,0,0,1,0.00,0.00,0.00,0.00,0.00,0.00,0.00
426,Harrison Reed,eng ENG,MF,Fulham,27,37,31.8,3,4,7,3,0,1.9,1.9,4.1,30,102,107,0.09,0.13,0.22,0.09,0.06,0.13,0.06
427,Bobby Reid,jm JAM,"FW,DF",Fulham,29,36,27.5,4,1,5,4,0,3.9,3.9,1.7,46,63,186,0.15,0.04,0.18,0.15,0.14,0.06,0.14
428,Declan Rice,eng ENG,MF,West Ham,23,37,36.4,4,1,5,4,0,2.4,1.6,3.2,89,240,37,0.11,0.03,0.14,0.11,0.07,0.09,0.04
429,Chris Richards,us USA,DF,Crystal Palace,22,9,5.0,0,0,0,0,0,0.7,0.7,0.3,4,14,3,0.00,0.00,0.00,0.00,0.14,0.05,0.14
430,Richarlison,br BRA,"MF,FW",Tottenham,25,27,11.2,1,3,4,1,0,3.3,3.3,2.2,33,28,75,0.09,0.27,0.36,0.09,0.29,0.20,0.29
431,Jaïro Riedewald,nl NED,"DF,MF",Crystal Palace,25,6,0.7,0,0,0,0,0,0.1,0.1,0.0,1,1,1,0.00,0.00,0.00,0.00,0.10,0.00,0.10
432,Matt Ritchie,sct SCO,"FW,MF",Newcastle Utd,32,7,0.4,0,0,0,0,0,0.0,0.0,0.1,1,1,9,0.00,0.00,0.00,0.00,0.00,0.24,0.00
433,Andrew Robertson,sct SCO,DF,Liverpool,28,34,28.7,0,8,8,0,0,1.3,1.3,6.1,80,166,194,0.00,0.28,0.28,0.00,0.05,0.21,0.05
434,Antonee Robinson,us USA,DF,Fulham,24,35,34.3,0,1,1,0,0,0.1,0.1,1.3,112,129,153,0.00,0.03,0.03,0.00,0.00,0.04,0.00
435,Joel Robles,es ESP,GK,Leeds United,32,4,4.0,0,0,0,0,0,0.0,0.0,0.0,0,0,0,0.00,0.00,0.00,0.00,0.00,0.00,0.00
436,Marc Roca,es ESP,MF,Leeds United,25,32,25.7,1,2,3,1,0,2.1,2.1,2.9,25,172,28,0.04,0.08,0.12,0.04,0.08,0.11,0.08
437,Marek Rodák,sk SVK,GK,Fulham,25,2,2.0,0,0,0,0,0,0.0,0.0,0.0,0,0,0,0.00,0.00,0.00,0.00,0.00,0.00,0.00
438,Rodri,es ESP,MF,Manchester City,26,36,32.3,2,6,8,2,0,4.6,4.6,4.1,76,260,37,0.06,0.19,0.25,0.06,0.14,0.13,0.14
439,Rodrigo,es ESP,"FW,MF",Leeds United,31,31,21.5,13,1,14,12,1,8.1,7.3,1.8,40,44,143,0.60,0.05,0.65,0.56,0.38,0.08,0.34
440,Mads Roerslev,dk DEN,DF,Brentford,23,20,12.3,0,0,0,0,0,0.3,0.3,1.2,8,19,36,0.00,0.00,0.00,0.00,0.03,0.10,0.03
441,Cristian Romero,ar ARG,DF,Tottenham,24,27,26.3,0,1,1,0,0,1.5,1.5,1.2,19,92,9,0.00,0.04,0.04,0.00,0.06,0.05,0.06
442,Oriol Romeu,es ESP,MF,Southampton,30,1,0.8,0,0,0,0,0,0.0,0.0,0.0,2,4,0,0.00,0.00,0.00,0.00,0.00,0.00,0.00
443,Cristiano Ronaldo,pt POR,FW,Manchester Utd,37,10,5.8,1,0,1,1,0,1.9,1.9,0.4,9,12,33,0.17,0.00,0.17,0.17,0.32,0.07,0.32
444,Connor Ronan,ie IRL,MF,Wolves,24,1,0.0,0,0,0,0,0,0.0,0.0,0.0,0,0,1,0.00,0.00,0.00,0.00,0.00,0.00,0.00
445,Salomón Rondón,ve VEN,FW,Everton,32,7,1.2,0,0,0,0,0,0.8,0.8,0.2,0,1,7,0.00,0.00,0.00,0.00,0.66,0.13,0.66
446,Joe Rothwell,eng ENG,MF,Bournemouth,27,20,11.3,0,1,1,0,0,0.2,0.2,1.0,12,33,12,0.00,0.09,0.09,0.00,0.01,0.09,0.01
447,Georginio Rutter,fr FRA,"FW,MF",Leeds United,20,11,3.0,0,1,1,0,0,0.4,0.4,0.3,5,6,21,0.00,0.33,0.33,0.00,0.13,0.10,0.13
448,José Sá,pt POR,GK,Wolves,29,36,36.0,0,0,0,0,0,0.0,0.0,0.0,0,0,0,0.00,0.00,0.00,0.00,0.00,0.00,0.00
449,Marcel Sabitzer,at AUT,MF,Manchester Utd,28,11,7.0,0,1,1,0,0,0.7,0.7,0.9,8,38,26,0.00,0.14,0.14,0.00,0.11,0.13,0.11
450,Allan Saint-Maximin,fr FRA,FW,Newcastle Utd,25,25,12.4,1,5,6,1,0,1.6,1.6,4.6,93,69,111,0.08,0.40,0.48,0.08,0.13,0.37,0.13
451,Bukayo Saka,eng ENG,FW,Arsenal,20,38,35.3,14,11,25,12,2,11.2,9.1,8.5,179,109,520,0.40,0.31,0.71,0.34,0.32,0.24,0.26
452,Mohamed Salah,eg EGY,FW,Liverpool,30,38,36.6,19,12,31,17,2,21.7,18.5,7.7,120,149,421,0.52,0.33,0.85,0.47,0.59,0.21,0.51
453,William Saliba,fr FRA,DF,Arsenal,21,27,26.8,2,1,3,2,0,0.9,0.9,1.2,13,99,2,0.07,0.04,0.11,0.07,0.03,0.04,0.03
454,Mohammed Salisu,gh GHA,DF,Southampton,23,22,21.9,0,1,1,0,0,1.5,1.5,0.6,5,82,4,0.00,0.05,0.05,0.00,0.07,0.03,0.07
455,Albert Sambi Lokonga,be BEL,MF,Arsenal,22,6,2.2,0,0,0,0,0,0.0,0.0,0.0,0,12,2,0.00,0.00,0.00,0.00,0.00,0.01,0.00
456,Albert Sambi Lokonga,be BEL,MF,Crystal Palace,22,9,6.0,0,0,0,0,0,0.2,0.2,0.0,2,20,2,0.00,0.00,0.00,0.00,0.03,0.01,0.03
457,Davinson Sánchez,co COL,DF,Tottenham,26,18,9.5,0,0,0,0,0,0.6,0.6,0.4,5,35,4,0.00,0.00,0.00,0.00,0.07,0.04,0.07
458,Robert Sánchez,es ESP,GK,Brighton,24,23,23.0,0,0,0,0,0,0.0,0.0,0.0,0,0,0,0.00,0.00,0.00,0.00,0.00,0.00,0.00
459,Jadon Sancho,eng ENG,"FW,MF",Manchester Utd,22,26,18.7,6,3,9,6,0,4.2,4.2,5.0,88,76,173,0.32,0.16,0.48,0.32,0.22,0.27,0.22
460,Morgan Sanson,fr FRA,MF,Aston Villa,27,2,0.1,0,0,0,0,0,0.0,0.0,0.0,0,1,0,0.00,0.00,0.00,0.00,0.00,0.00,0.00
461,Pablo Sarabia,es ESP,"FW,MF",Wolves,30,13,8.5,1,0,1,1,0,3.1,3.1,0.8,17,41,54,0.12,0.00,0.12,0.12,0.36,0.09,0.36
462,Jeremy Sarmiento,ec ECU,MF,Brighton,20,9,2.0,0,1,1,0,0,0.3,0.3,0.2,5,11,20,0.00,0.51,0.51,0.00,0.17,0.11,0.17
463,Gianluca Scamacca,it ITA,FW,West Ham,23,16,10.3,3,0,3,3,0,2.5,2.5,0.7,13,17,48,0.29,0.00,0.29,0.29,0.24,0.07,0.24
464,Gustavo Scarpa,br BRA,"MF,FW",Nott'ham Forest,28,6,2.0,0,0,0,0,0,0.3,0.3,0.0,9,12,4,0.00,0.00,0.00,0.00,0.13,0.02,0.13
465,Kevin Schade,de GER,FW,Brentford,20,18,8.1,0,1,1,0,0,2.1,2.1,1.1,24,15,57,0.00,0.12,0.12,0.00,0.25,0.14,0.25
466,Fabian Schär,ch SUI,DF,Newcastle Utd,30,36,35.6,1,3,4,1,0,4.9,4.9,3.3,27,139,32,0.03,0.08,0.11,0.03,0.14,0.09,0.14
467,Jeffrey Schlupp,gh GHA,"MF,FW",Crystal Palace,29,34,28.1,3,1,4,3,0,3.2,3.2,1.4,32,98,67,0.11,0.04,0.14,0.11,0.11,0.05,0.11
468,Nélson Semedo,pt POR,DF,Wolves,28,36,29.2,0,1,1,0,0,0.4,0.4,0.7,50,110,147,0.00,0.03,0.03,0.00,0.01,0.03,0.01
469,Antoine Semenyo,gh GHA,"FW,MF",Bournemouth,22,11,2.9,1,0,1,1,0,0.3,0.3,0.1,5,5,11,0.35,0.00,0.35,0.35,0.09,0.03,0.09
470,Marcos Senesi,ar ARG,DF,Bournemouth,25,31,27.7,2,0,2,2,0,1.6,1.6,0.5,9,66,3,0.07,0.00,0.07,0.07,0.06,0.02,0.06
471,Ryan Sessegnon,eng ENG,DF,Tottenham,22,17,9.0,2,0,2,2,0,1.6,1.6,1.1,24,22,64,0.22,0.00,0.22,0.22,0.18,0.12,0.18
472,Luke Shaw,eng ENG,DF,Manchester Utd,27,31,28.4,1,2,3,1,0,1.1,1.1,3.6,53,140,76,0.04,0.07,0.11,0.04,0.04,0.13,0.04
473,Jonjo Shelvey,eng ENG,MF,Newcastle Utd,30,3,0.4,0,0,0,0,0,0.0,0.0,0.0,0,3,0,0.00,0.00,0.00,0.00,0.00,0.00,0.00
474,Jonjo Shelvey,eng ENG,MF,Nott'ham Forest,30,8,6.0,0,0,0,0,0,0.2,0.2,0.3,1,34,0,0.00,0.00,0.00,0.00,0.03,0.05,0.03
475,Bernardo Silva,pt POR,"MF,FW",Manchester City,27,34,24.5,4,5,9,4,0,2.2,2.2,3.3,90,130,188,0.16,0.20,0.37,0.16,0.09,0.13,0.09
476,Thiago Silva,br BRA,DF,Chelsea,37,27,26.1,0,2,2,0,0,1.5,1.5,0.5,8,104,2,0.00,0.08,0.08,0.00,0.06,0.02,0.06
477,Ellis Simms,eng ENG,FW,Everton,21,11,2.5,1,0,1,1,0,0.9,0.9,0.1,2,4,19,0.39,0.00,0.39,0.39,0.34,0.03,0.34
478,Luis Sinisterra,co COL,FW,Leeds United,23,19,9.6,5,0,5,5,0,3.7,3.7,0.4,30,39,84,0.52,0.00,0.52,0.52,0.39,0.04,0.39
479,Oliver Skipp,eng ENG,MF,Tottenham,21,23,16.6,1,0,1,1,0,0.3,0.3,0.6,14,56,25,0.06,0.00,0.06,0.06,0.02,0.04,0.02
480,Adam Smith,eng ENG,DF,Bournemouth,31,37,32.7,0,1,1,0,0,0.5,0.5,1.3,28,83,54,0.00,0.03,0.03,0.00,0.02,0.04,0.02
481,Emile Smith Rowe,eng ENG,"MF,FW",Arsenal,22,12,1.9,0,2,2,0,0,0.3,0.3,0.7,2,7,11,0.00,1.05,1.05,0.00,0.14,0.36,0.14
482,Cédric Soares,pt POR,DF,Arsenal,30,2,0.3,0,0,0,0,0,0.0,0.0,0.0,1,3,0,0.00,0.00,0.00,0.00,0.00,0.00,0.00
483,Cédric Soares,pt POR,DF,Fulham,30,6,2.2,0,0,0,0,0,0.1,0.1,0.3,4,12,12,0.00,0.00,0.00,0.00,0.03,0.13,0.03
484,Dominic Solanke,eng ENG,"FW,MF",Bournemouth,24,33,31.8,6,7,13,6,0,9.1,9.1,3.9,70,47,167,0.19,0.22,0.41,0.19,0.29,0.12,0.29
485,Manor Solomon,il ISR,FW,Fulham,23,19,6.4,4,0,4,4,0,1.2,1.2,0.4,16,24,51,0.63,0.00,0.63,0.63,0.19,0.06,0.19
486,Tomáš Souček,cz CZE,MF,West Ham,27,36,31.3,2,3,5,2,0,4.0,4.0,1.9,11,88,52,0.06,0.10,0.16,0.06,0.13,0.06,0.13
487,Boubakary Soumaré,fr FRA,MF,Leicester City,23,26,18.1,0,0,0,0,0,0.0,0.0,0.4,17,73,20,0.00,0.00,0.00,0.00,0.00,0.02,0.00
488,Harry Souttar,au AUS,DF,Leicester City,23,12,11.0,0,1,1,0,0,1.4,1.4,0.2,6,29,4,0.00,0.09,0.09,0.00,0.13,0.02,0.13
489,Çağlar Söyüncü,tr TUR,DF,Leicester City,26,7,5.9,1,0,1,1,0,0.4,0.4,0.1,5,12,0,0.17,0.00,0.17,0.17,0.07,0.01,0.07
490,Djed Spence,eng ENG,"FW,DF",Tottenham,21,4,0.1,0,0,0,0,0,0.1,0.1,0.0,2,0,2,0.00,0.00,0.00,0.00,0.83,0.00,0.83
491,Jack Stacey,eng ENG,DF,Bournemouth,26,10,3.3,0,0,0,0,0,0.1,0.1,0.0,9,2,15,0.00,0.00,0.00,0.00,0.03,0.00,0.03
492,Junior Stanislas,eng ENG,MF,Bournemouth,32,4,0.7,0,0,0,0,0,0.0,0.0,0.1,0,4,5,0.00,0.00,0.00,0.00,0.05,0.19,0.05
493,Jay Stansfield,eng ENG,FW,Fulham,19,3,1.0,0,0,0,0,0,0.3,0.3,0.1,2,0,4,0.00,0.00,0.00,0.00,0.26,0.09,0.26
494,Jason Steele,eng ENG,GK,Brighton,31,15,15.0,0,1,1,0,0,0.0,0.0,0.1,0,0,0,0.00,0.07,0.07,0.00,0.00,0.01,0.00
495,Jack Stephens,eng ENG,DF,Southampton,28,2,0.5,0,0,0,0,0,0.0,0.0,0.0,3,3,0,0.00,0.00,0.00,0.00,0.00,0.00,0.00
496,Jack Stephens,eng ENG,DF,Bournemouth,28,15,13.0,0,0,0,0,0,0.4,0.4,0.2,7,34,3,0.00,0.00,0.00,0.00,0.03,0.02,0.03
497,Raheem Sterling,eng ENG,"FW,MF",Chelsea,27,28,21.0,6,3,9,6,0,6.2,6.2,4.6,81,59,186,0.29,0.14,0.43,0.29,0.29,0.22,0.29
498,John Stones,eng ENG,"DF,MF",Manchester City,28,23,20.5,2,2,4,2,0,1.0,1.0,1.4,28,101,34,0.10,0.10,0.20,0.10,0.05,0.07,0.05
499,Pascal Struijk,nl NED,DF,Leeds United,22,29,24.4,2,1,3,2,0,1.4,1.4,2.4,24,119,53,0.08,0.04,0.12,0.08,0.06,0.10,0.06
500,Kamaldeen Sulemana,gh GHA,"FW,MF",Southampton,20,18,10.7,2,1,3,2,0,1.7,1.7,1.3,32,36,80,0.19,0.09,0.28,0.19,0.16,0.12,0.16
501,Crysencio Summerville,nl NED,FW,Leeds United,20,28,15.8,4,2,6,4,0,2.9,2.9,1.6,51,45,92,0.25,0.13,0.38,0.25,0.18,0.10,0.18
502,Sam Surridge,eng ENG,FW,Nott'ham Forest,24,20,3.6,1,0,1,1,0,1.8,1.8,0.1,2,6,17,0.28,0.00,0.28,0.28,0.50,0.02,0.50
503,Japhet Tanganga,eng ENG,DF,Tottenham,23,4,1.6,0,0,0,0,0,0.0,0.0,0.0,1,5,2,0.00,0.00,0.00,0.00,0.00,0.00,0.00
504,Matt Targett,eng ENG,DF,Newcastle Utd,26,17,6.8,0,0,0,0,0,0.0,0.0,0.4,3,43,13,0.00,0.00,0.00,0.00,0.00,0.06,0.00
505,James Tarkowski,eng ENG,DF,Everton,29,38,38.0,1,1,2,1,0,3.1,3.1,2.9,13,106,11,0.03,0.03,0.05,0.03,0.08,0.08,0.08
506,Marcus Tavernier,eng ENG,"MF,FW",Bournemouth,23,23,19.4,5,4,9,5,0,3.1,3.1,2.9,67,56,137,0.26,0.21,0.46,0.26,0.16,0.15,0.16
507,Tetê,br BRA,FW,Leicester City,22,13,8.2,1,0,1,1,0,1.8,1.8,0.4,22,26,55,0.12,0.00,0.12,0.12,0.22,0.05,0.22
508,Kenny Tete,nl NED,DF,Fulham,26,31,28.5,1,5,6,1,0,0.7,0.7,1.9,75,103,69,0.04,0.18,0.21,0.04,0.02,0.07,0.02
509,Luke Thomas,eng ENG,DF,Leicester City,21,17,11.9,0,0,0,0,0,0.1,0.1,0.7,10,48,13,0.00,0.00,0.00,0.00,0.01,0.06,0.01
510,Youri Tielemans,be BEL,MF,Leicester City,25,31,26.0,3,2,5,2,1,2.5,0.9,4.7,35,181,56,0.12,0.08,0.19,0.08,0.10,0.18,0.04
511,Kieran Tierney,sct SCO,DF,Arsenal,25,27,8.8,0,1,1,0,0,0.3,0.3,0.3,25,36,31,0.00,0.11,0.11,0.00,0.04,0.04,0.04
512,Harry Toffolo,eng ENG,DF,Nott'ham Forest,26,19,10.4,0,0,0,0,0,0.3,0.3,0.8,8,29,43,0.00,0.00,0.00,0.00,0.03,0.07,0.03
513,Takehiro Tomiyasu,jp JPN,DF,Arsenal,23,21,7.4,0,1,1,0,0,0.2,0.2,0.6,14,51,28,0.00,0.14,0.14,0.00,0.03,0.08,0.03
514,James Tomkins,eng ENG,DF,Crystal Palace,33,6,3.8,1,0,1,1,0,1.0,1.0,0.0,1,2,1,0.27,0.00,0.27,0.27,0.27,0.00,0.27
515,Ivan Toney,eng ENG,FW,Brentford,26,33,32.8,20,4,24,14,6,18.7,13.2,5.1,14,79,165,0.61,0.12,0.73,0.43,0.57,0.15,0.40
516,Adama Traoré,es ESP,"FW,MF",Wolves,26,34,16.6,2,1,3,2,0,1.4,1.4,3.7,85,36,156,0.12,0.06,0.18,0.12,0.08,0.23,0.08
517,Bertrand Traoré,bf BFA,"FW,MF",Aston Villa,26,8,2.6,2,0,2,2,0,0.7,0.7,0.1,9,9,28,0.77,0.00,0.77,0.77,0.28,0.03,0.28
518,Boubacar Traoré,ml MLI,MF,Wolves,20,10,4.6,0,1,1,0,0,0.1,0.1,0.2,4,8,2,0.00,0.22,0.22,0.00,0.01,0.04,0.01
519,Mark Travers,ie IRL,GK,Bournemouth,23,12,11.5,0,0,0,0,0,0.0,0.0,0.0,0,0,0,0.00,0.00,0.00,0.00,0.00,0.00,0.00
520,Kieran Trippier,eng ENG,DF,Newcastle Utd,31,38,37.1,1,7,8,1,0,0.9,0.9,12.4,45,260,151,0.03,0.19,0.22,0.03,0.02,0.33,0.02
521,Leandro Trossard,be BEL,FW,Arsenal,27,20,10.3,1,10,11,1,0,1.8,1.8,4.7,36,57,102,0.10,0.97,1.06,0.10,0.18,0.46,0.18
522,Leandro Trossard,be BEL,"FW,MF",Brighton,27,16,14.6,7,2,9,7,0,4.4,4.4,2.1,40,67,118,0.48,0.14,0.62,0.48,0.30,0.14,0.30
523,Kostas Tsimikas,gr GRE,DF,Liverpool,26,20,8.6,0,4,4,0,0,0.6,0.6,1.6,23,26,77,0.00,0.47,0.47,0.00,0.07,0.19,0.07
524,Deniz Undav,de GER,"FW,MF",Brighton,26,22,7.0,5,0,5,5,0,4.5,4.5,1.1,12,10,40,0.72,0.00,0.72,0.72,0.65,0.15,0.65
525,Yan Valery,tn TUN,DF,Southampton,23,1,0.5,0,0,0,0,0,0.0,0.0,0.0,0,0,0,0.00,0.00,0.00,0.00,0.00,0.00,0.00
526,Virgil van Dijk,nl NED,DF,Liverpool,31,32,31.5,3,1,4,3,0,2.6,2.6,1.2,10,127,8,0.10,0.03,0.13,0.10,0.08,0.04,0.08
527,Raphaël Varane,fr FRA,DF,Manchester Utd,29,24,21.2,0,0,0,0,0,0.7,0.7,0.2,17,63,4,0.00,0.00,0.00,0.00,0.03,0.01,0.03
528,Jamie Vardy,eng ENG,FW,Leicester City,35,37,20.6,3,4,7,3,0,6.7,5.9,1.4,16,14,101,0.15,0.19,0.34,0.15,0.33,0.07,0.29
529,Joël Veltman,nl NED,DF,Brighton,30,31,24.3,1,1,2,1,0,1.8,1.8,0.7,43,153,49,0.04,0.04,0.08,0.04,0.07,0.03,0.07
530,Fabio Vieira,pt POR,"MF,FW",Arsenal,22,22,5.7,1,2,3,1,0,0.8,0.8,2.5,8,35,40,0.18,0.35,0.53,0.18,0.15,0.44,0.15
531,Matías Viña,uy URU,DF,Bournemouth,24,12,5.1,2,0,2,2,0,0.9,0.9,0.2,10,17,19,0.39,0.00,0.39,0.39,0.17,0.03,0.17
532,Rúben Vinagre,pt POR,"DF,MF",Everton,23,2,0.3,0,0,0,0,0,0.0,0.0,0.0,2,0,1,0.00,0.00,0.00,0.00,0.00,0.00,0.00
533,Carlos Vinícius,br BRA,FW,Fulham,27,28,12.3,5,2,7,5,0,3.3,3.3,0.8,9,15,46,0.41,0.16,0.57,0.41,0.27,0.06,0.27
534,Theo Walcott,eng ENG,"FW,MF",Southampton,33,20,12.5,2,2,4,2,0,2.2,2.2,2.0,21,14,62,0.16,0.16,0.32,0.16,0.18,0.16,0.18
535,Kyle Walker,eng ENG,DF,Manchester City,32,27,21.8,0,0,0,0,0,0.4,0.4,0.2,50,162,75,0.00,0.00,0.00,0.00,0.02,0.01,0.02
536,Kyle Walker-Peters,eng ENG,DF,Southampton,25,31,29.4,1,0,1,1,0,1.0,1.0,1.4,102,97,114,0.03,0.00,0.03,0.03,0.03,0.05,0.03
537,Aaron Wan-Bissaka,eng ENG,DF,Manchester Utd,24,19,15.9,0,0,0,0,0,1.2,1.2,1.0,41,55,64,0.00,0.00,0.00,0.00,0.07,0.06,0.07
538,Danny Ward,wls WAL,GK,Leicester City,29,26,26.0,0,0,0,0,0,0.0,0.0,0.0,0,0,0,0.00,0.00,0.00,0.00,0.00,0.00,0.00
539,Joel Ward,eng ENG,DF,Crystal Palace,32,28,25.1,1,0,1,1,0,1.1,1.1,0.4,22,101,46,0.04,0.00,0.04,0.04,0.04,0.02,0.04
540,James Ward-Prowse,eng ENG,MF,Southampton,27,38,37.5,9,4,13,7,2,5.7,2.5,6.2,19,189,58,0.24,0.11,0.35,0.19,0.15,0.17,0.07
541,Ollie Watkins,eng ENG,FW,Aston Villa,26,37,34.7,15,6,21,14,1,16.5,14.9,3.8,50,39,196,0.43,0.17,0.60,0.40,0.47,0.11,0.43
542,Adam Webster,eng ENG,DF,Brighton,27,27,22.1,0,0,0,0,0,1.8,1.8,0.2,19,119,9,0.00,0.00,0.00,0.00,0.08,0.01,0.08
543,Wout Weghorst,nl NED,"FW,MF",Manchester Utd,29,17,8.9,0,1,1,0,0,2.0,2.0,1.2,3,17,41,0.00,0.11,0.11,0.00,0.23,0.13,0.23
544,Danny Welbeck,eng ENG,FW,Brighton,31,31,20.6,6,3,9,6,0,9.4,9.4,4.3,31,49,134,0.29,0.15,0.44,0.29,0.46,0.21,0.46
545,Ben White,eng ENG,DF,Arsenal,24,38,33.9,2,5,7,2,0,1.3,1.3,3.2,64,249,124,0.06,0.15,0.21,0.06,0.04,0.09,0.04
546,Harvey White,eng ENG,MF,Tottenham,20,1,0.1,0,0,0,0,0,0.0,0.0,0.0,0,0,1,0.00,0.00,0.00,0.00,0.00,0.00,0.00
547,Joseph Whitworth,eng ENG,GK,Crystal Palace,18,2,2.0,0,0,0,0,0,0.0,0.0,0.0,0,0,0,0.00,0.00,0.00,0.00,0.00,0.00,0.00
548,Neco Williams,wls WAL,DF,Nott'ham Forest,21,31,20.9,1,0,1,1,0,1.3,1.3,1.4,51,33,67,0.05,0.00,0.05,0.05,0.06,0.07,0.06
549,Willian,br BRA,FW,Fulham,33,27,23.6,5,5,10,5,0,3.4,3.4,4.4,97,113,152,0.21,0.21,0.42,0.21,0.14,0.19,0.14
550,Joe Willock,eng ENG,MF,Newcastle Utd,22,35,28.4,3,6,9,3,0,7.0,7.0,6.0,97,121,152,0.11,0.21,0.32,0.11,0.25,0.21,0.25
551,Callum Wilson,eng ENG,FW,Newcastle Utd,30,31,20.9,18,5,23,15,3,17.5,15.1,2.7,27,19,118,0.86,0.24,1.10,0.72,0.84,0.13,0.72
552,Harry Wilson,wls WAL,FW,Fulham,25,29,12.2,2,3,5,2,0,2.0,2.0,0.9,18,37,87,0.16,0.25,0.41,0.16,0.16,0.07,0.16
553,Yoane Wissa,cd COD,FW,Brentford,25,38,17.8,7,3,10,7,0,5.6,5.6,2.5,24,27,104,0.39,0.17,0.56,0.39,0.32,0.14,0.32
554,Maximilian Wöber,at AUT,DF,Leeds United,24,16,14.1,0,0,0,0,0,0.7,0.7,0.6,15,54,15,0.00,0.00,0.00,0.00,0.05,0.05,0.05
555,Chris Wood,nz NZL,FW,Newcastle Utd,30,18,5.0,2,0,2,1,1,1.8,1.0,0.3,1,4,23,0.40,0.00,0.40,0.20,0.37,0.06,0.21
556,Chris Wood,nz NZL,FW,Nott'ham Forest,30,7,4.1,1,0,1,1,0,1.0,1.0,0.2,2,7,12,0.24,0.00,0.24,0.24,0.23,0.05,0.23
557,Joe Worrall,eng ENG,DF,Nott'ham Forest,25,30,24.7,1,0,1,1,0,0.8,0.8,0.8,5,67,1,0.04,0.00,0.04,0.04,0.03,0.03,0.03
558,Granit Xhaka,ch SUI,MF,Arsenal,29,37,33.3,7,7,14,7,0,4.7,4.7,5.2,42,196,175,0.21,0.21,0.42,0.21,0.14,0.16,0.14
559,Ryan Yates,eng ENG,MF,Nott'ham Forest,24,26,20.4,0,2,2,0,0,2.3,2.3,1.2,11,43,27,0.00,0.10,0.10,0.00,0.11,0.06,0.11
560,Ashley Young,eng ENG,DF,Aston Villa,37,29,22.6,1,0,1,1,0,0.5,0.5,1.0,29,107,33,0.04,0.00,0.04,0.04,0.02,0.04,0.02
561,Illia Zabarnyi,ua UKR,DF,Bournemouth,19,5,3.3,0,0,0,0,0,0.0,0.0,0.0,1,11,0,0.00,0.00,0.00,0.00,0.00,0.00,0.00
562,Wilfried Zaha,ci CIV,"FW,MF",Crystal Palace,29,27,25.4,7,2,9,7,0,6.5,4.8,2.7,86,75,238,0.28,0.08,0.35,0.28,0.26,0.11,0.19
563,Denis Zakaria,ch SUI,MF,Chelsea,25,7,4.6,0,0,0,0,0,0.2,0.2,0.0,9,6,3,0.00,0.00,0.00,0.00,0.04,0.01,0.04
564,Jordan Zemura,zw ZIM,DF,Bournemouth,22,19,16.2,0,1,1,0,0,0.4,0.4,1.9,39,45,48,0.00,0.06,0.06,0.00,0.02,0.11,0.02
565,Oleksandr Zinchenko,ua UKR,DF,Arsenal,25,27,23.5,1,2,3,1,0,1.4,1.4,1.4,67,227,68,0.04,0.08,0.13,0.04,0.06,0.06,0.06
566,Hakim Ziyech,ma MAR,"FW,MF",Chelsea,29,18,7.3,0,3,3,0,0,0.6,0.6,2.2,20,42,69,0.00,0.41,0.41,0.00,0.08,0.30,0.08
567,Kurt Zouma,fr FRA,DF,West Ham,27,25,22.1,2,0,2,2,0,2.2,2.2,0.1,3,31,1,0.09,0.00,0.09,0.09,0.10,0.00,0.10
568,Martin Ødegaard,no NOR,MF,Arsenal,23,37,34.7,15,7,22,15,0,10.0,10.0,8.1,83,266,193,0.43,0.20,0.63,0.43,0.29,0.23,0.29
